notebook_id,notebook_title,page_number,page_consensus,poetry_percentage,all_classifications_json
02b1,"Notebook 02B1 (T6, 2023; lecture notes)",39,poetry,0.286,"{""Agriculture"": 0.143, ""Chemistry"": 0.143, ""Poetry"": 0.286, ""Other (anything that doesn't fit into the other categories!)"": 0.143, ""Refers to other writers/their works"": 0.143, ""Lecture notes"": 0.143}"
04b2,"Notebook 04B2 (T6, 2022; lecture notes)",36,poetry,0.2,"{""Poetry"": 0.2, ""Chemistry"": 0.2, ""Lecture notes"": 0.2, ""Refers to other writers/their works"": 0.2, ""Philosophy"": 0.2}"
04b2,"Notebook 04B2 (T6, 2022; lecture notes)",37,poetry,0.2,"{""Poetry"": 0.2, ""Chemistry"": 0.2, ""Lecture notes"": 0.2, ""Refers to other writers/their works"": 0.2, ""Philosophy"": 0.2}"
04b4,"Notebook 04B4 (T6, 2022; lecture notes)",16,poetry,0.333,"{""Poetry"": 0.333, ""Philosophy"": 0.333, ""Other (anything that doesn't fit into the other categories!)"": 0.333}"
04b4,"Notebook 04B4 (T6, 2022; lecture notes)",19,poetry,0.333,"{""Astronomy"": 0.167, ""Geology"": 0.167, ""Lecture notes"": 0.167, ""Refers to other writers/their works"": 0.167, ""Poetry"": 0.333}"
04b4,"Notebook 04B4 (T6, 2022; lecture notes)",26,poetry,0.4,"{""Astronomy"": 0.2, ""Lecture notes"": 0.2, ""Refers to other writers/their works"": 0.2, ""Poetry"": 0.4}"
04b4,"Notebook 04B4 (T6, 2022; lecture notes)",28,poetry,0.5,"{""Astronomy"": 0.25, ""Lecture notes"": 0.25, ""Poetry"": 0.5}"
04c1,"Notebook 04C1 (T6, 2022; lecture notes)",48,poetry,0.667,"{""Poetry"": 0.667, ""Other (anything that doesn't fit into the other categories!)"": 0.333}"
12,"Notebook 12 (T5, 2022; scientific notes, poetry)",8,poetry,0.857,"{""Poetry"": 0.857, ""Chemistry"": 0.143}"
12,"Notebook 12 (T5, 2022; scientific notes, poetry)",9,poetry,0.941,"{""Poetry"": 0.941, ""Philosophy"": 0.059}"
12,"Notebook 12 (T5, 2022; scientific notes, poetry)",10,poetry,0.909,"{""Poetry"": 0.909, ""Philosophy"": 0.091}"
12,"Notebook 12 (T5, 2022; scientific notes, poetry)",11,poetry,0.75,"{""Poetry"": 0.75, ""Philosophy"": 0.125, ""Geology"": 0.125}"
12,"Notebook 12 (T5, 2022; scientific notes, poetry)",12,poetry,1.0,"{""Poetry"": 1.0}"
12,"Notebook 12 (T5, 2022; scientific notes, poetry)",13,poetry,0.75,"{""Poetry"": 0.75, ""Agriculture"": 0.062, ""Other (anything that doesn't fit into the other categories!)"": 0.188}"
12,"Notebook 12 (T5, 2022; scientific notes, poetry)",14,poetry,0.857,"{""Poetry"": 0.857, ""Other (anything that doesn't fit into the other categories!)"": 0.143}"
12,"Notebook 12 (T5, 2022; scientific notes, poetry)",15,poetry,0.875,"{""Poetry"": 0.875, ""Other (anything that doesn't fit into the other categories!)"": 0.125}"
12,"Notebook 12 (T5, 2022; scientific notes, poetry)",16,poetry,0.571,"{""Poetry"": 0.571, ""Other (anything that doesn't fit into the other categories!)"": 0.429}"
12,"Notebook 12 (T5, 2022; scientific notes, poetry)",17,poetry,0.625,"{""Poetry"": 0.625, ""Medicine"": 0.125, ""Other (anything that doesn't fit into the other categories!)"": 0.25}"
12,"Notebook 12 (T5, 2022; scientific notes, poetry)",18,poetry,0.833,"{""Poetry"": 0.833, ""Other (anything that doesn't fit into the other categories!)"": 0.167}"
12,"Notebook 12 (T5, 2022; scientific notes, poetry)",19,poetry,1.0,"{""Poetry"": 1.0}"
12,"Notebook 12 (T5, 2022; scientific notes, poetry)",20,poetry,1.0,"{""Poetry"": 1.0}"
12,"Notebook 12 (T5, 2022; scientific notes, poetry)",21,poetry,1.0,"{""Poetry"": 1.0}"
12,"Notebook 12 (T5, 2022; scientific notes, poetry)",23,poetry,1.0,"{""Poetry"": 1.0}"
12,"Notebook 12 (T5, 2022; scientific notes, poetry)",24,poetry,1.0,"{""Poetry"": 1.0}"
12,"Notebook 12 (T5, 2022; scientific notes, poetry)",25,poetry,1.0,"{""Poetry"": 1.0}"
12,"Notebook 12 (T5, 2022; scientific notes, poetry)",26,poetry,1.0,"{""Poetry"": 1.0}"
12,"Notebook 12 (T5, 2022; scientific notes, poetry)",27,poetry,1.0,"{""Poetry"": 1.0}"
12,"Notebook 12 (T5, 2022; scientific notes, poetry)",29,poetry,1.0,"{""Poetry"": 1.0}"
12,"Notebook 12 (T5, 2022; scientific notes, poetry)",30,poetry,1.0,"{""Poetry"": 1.0}"
12,"Notebook 12 (T5, 2022; scientific notes, poetry)",31,poetry,0.889,"{""Poetry"": 0.889, ""Agriculture"": 0.111}"
12,"Notebook 12 (T5, 2022; scientific notes, poetry)",32,poetry,0.875,"{""Poetry"": 0.875, ""Philosophy"": 0.125}"
12,"Notebook 12 (T5, 2022; scientific notes, poetry)",33,poetry,0.571,"{""Poetry"": 0.571, ""Chemistry"": 0.143, ""Other (anything that doesn't fit into the other categories!)"": 0.286}"
12,"Notebook 12 (T5, 2022; scientific notes, poetry)",34,poetry,0.538,"{""Poetry"": 0.538, ""Lecture notes"": 0.077, ""Geology"": 0.077, ""Agriculture"": 0.077, ""Astronomy"": 0.154, ""Chemistry"": 0.077}"
12,"Notebook 12 (T5, 2022; scientific notes, poetry)",35,poetry,1.0,"{""Poetry"": 1.0}"
12,"Notebook 12 (T5, 2022; scientific notes, poetry)",36,poetry,0.8,"{""Poetry"": 0.8, ""Philosophy"": 0.2}"
12,"Notebook 12 (T5, 2022; scientific notes, poetry)",38,poetry,0.571,"{""Poetry"": 0.571, ""Other (anything that doesn't fit into the other categories!)"": 0.286, ""Electrochemistry"": 0.143}"
12,"Notebook 12 (T5, 2022; scientific notes, poetry)",40,poetry,1.0,"{""Poetry"": 1.0}"
12,"Notebook 12 (T5, 2022; scientific notes, poetry)",41,poetry,0.833,"{""Poetry"": 0.833, ""Astronomy"": 0.167}"
12,"Notebook 12 (T5, 2022; scientific notes, poetry)",42,poetry,1.0,"{""Poetry"": 1.0}"
12,"Notebook 12 (T5, 2022; scientific notes, poetry)",43,poetry,0.833,"{""Poetry"": 0.833, ""Agriculture"": 0.167}"
12,"Notebook 12 (T5, 2022; scientific notes, poetry)",45,poetry,0.6,"{""Poetry"": 0.6, ""Astronomy"": 0.1, ""Other (anything that doesn't fit into the other categories!)"": 0.2, ""Agriculture"": 0.1}"
12,"Notebook 12 (T5, 2022; scientific notes, poetry)",46,poetry,0.75,"{""Poetry"": 0.75, ""Agriculture"": 0.25}"
12,"Notebook 12 (T5, 2022; scientific notes, poetry)",47,poetry,0.6,"{""Poetry"": 0.6, ""Lecture notes"": 0.2, ""Refers to other writers/their works"": 0.2}"
12,"Notebook 12 (T5, 2022; scientific notes, poetry)",69,poetry,0.5,"{""Other (anything that doesn't fit into the other categories!)"": 0.2, ""Poetry"": 0.5, ""Astronomy"": 0.1, ""Chemistry"": 0.1, ""Geology"": 0.1}"
12,"Notebook 12 (T5, 2022; scientific notes, poetry)",70,poetry,0.636,"{""Poetry"": 0.636, ""Astronomy"": 0.091, ""Chemistry"": 0.091, ""Other (anything that doesn't fit into the other categories!)"": 0.091, ""Geology"": 0.091}"
12,"Notebook 12 (T5, 2022; scientific notes, poetry)",71,poetry,0.444,"{""Other (anything that doesn't fit into the other categories!)"": 0.222, ""Poetry"": 0.444, ""Agriculture"": 0.111, ""Chemistry"": 0.111, ""Geology"": 0.111}"
12,"Notebook 12 (T5, 2022; scientific notes, poetry)",72,poetry,0.556,"{""Poetry"": 0.556, ""Astronomy"": 0.111, ""Chemistry"": 0.111, ""Other (anything that doesn't fit into the other categories!)"": 0.222}"
12,"Notebook 12 (T5, 2022; scientific notes, poetry)",73,poetry,0.692,"{""Poetry"": 0.692, ""Agriculture"": 0.077, ""Chemistry"": 0.077, ""Other (anything that doesn't fit into the other categories!)"": 0.077, ""Mathematics"": 0.077}"
12,"Notebook 12 (T5, 2022; scientific notes, poetry)",74,poetry,0.667,"{""Poetry"": 0.667, ""Electrochemistry"": 0.333}"
12,"Notebook 12 (T5, 2022; scientific notes, poetry)",75,poetry,0.625,"{""Poetry"": 0.625, ""Astronomy"": 0.125, ""Chemistry"": 0.125, ""Other (anything that doesn't fit into the other categories!)"": 0.125}"
12,"Notebook 12 (T5, 2022; scientific notes, poetry)",76,poetry,0.636,"{""Poetry"": 0.636, ""Agriculture"": 0.091, ""Chemistry"": 0.091, ""Other (anything that doesn't fit into the other categories!)"": 0.182}"
12,"Notebook 12 (T5, 2022; scientific notes, poetry)",77,poetry,0.7,"{""Poetry"": 0.7, ""Chemistry"": 0.1, ""Other (anything that doesn't fit into the other categories!)"": 0.1, ""Philosophy"": 0.1}"
12,"Notebook 12 (T5, 2022; scientific notes, poetry)",78,poetry,0.375,"{""Poetry"": 0.375, ""Chemistry"": 0.25, ""Other (anything that doesn't fit into the other categories!)"": 0.25, ""Philosophy"": 0.125}"
12,"Notebook 12 (T5, 2022; scientific notes, poetry)",81,poetry,0.643,"{""Poetry"": 0.643, ""Agriculture"": 0.071, ""Chemistry"": 0.071, ""Other (anything that doesn't fit into the other categories!)"": 0.071, ""Geology"": 0.143}"
12,"Notebook 12 (T5, 2022; scientific notes, poetry)",82,poetry,0.667,"{""Poetry"": 0.667, ""Astronomy"": 0.083, ""Chemistry"": 0.083, ""Other (anything that doesn't fit into the other categories!)"": 0.083, ""Geology"": 0.083}"
12,"Notebook 12 (T5, 2022; scientific notes, poetry)",83,poetry,0.667,"{""Poetry"": 0.667, ""Chemistry"": 0.167, ""Other (anything that doesn't fit into the other categories!)"": 0.083, ""Philosophy"": 0.083}"
12,"Notebook 12 (T5, 2022; scientific notes, poetry)",84,poetry,0.625,"{""Poetry"": 0.625, ""Astronomy"": 0.062, ""Chemistry"": 0.062, ""Other (anything that doesn't fit into the other categories!)"": 0.188, ""Geology"": 0.062}"
12,"Notebook 12 (T5, 2022; scientific notes, poetry)",85,poetry,0.692,"{""Poetry"": 0.692, ""Agriculture"": 0.077, ""Chemistry"": 0.077, ""Other (anything that doesn't fit into the other categories!)"": 0.077, ""Medicine"": 0.077}"
12,"Notebook 12 (T5, 2022; scientific notes, poetry)",87,poetry,0.5,"{""Poetry"": 0.5, ""Geology"": 0.083, ""Chemistry"": 0.083, ""Other (anything that doesn't fit into the other categories!)"": 0.25, ""Philosophy"": 0.083}"
12,"Notebook 12 (T5, 2022; scientific notes, poetry)",93,poetry,0.5,"{""Poetry"": 0.5, ""Philosophy"": 0.5}"
12,"Notebook 12 (T5, 2022; scientific notes, poetry)",94,poetry,0.625,"{""Poetry"": 0.625, ""Chemistry"": 0.25, ""Other (anything that doesn't fit into the other categories!)"": 0.125}"
12,"Notebook 12 (T5, 2022; scientific notes, poetry)",95,poetry,0.667,"{""Poetry"": 0.667, ""Agriculture"": 0.111, ""Chemistry"": 0.111, ""Other (anything that doesn't fit into the other categories!)"": 0.111}"
12,"Notebook 12 (T5, 2022; scientific notes, poetry)",96,poetry,0.6,"{""Poetry"": 0.6, ""Astronomy"": 0.067, ""Mathematics"": 0.067, ""Chemistry"": 0.067, ""Other (anything that doesn't fit into the other categories!)"": 0.133, ""Lecture notes"": 0.067}"
12,"Notebook 12 (T5, 2022; scientific notes, poetry)",97,poetry,0.545,"{""Poetry"": 0.545, ""Other (anything that doesn't fit into the other categories!)"": 0.273, ""Chemistry"": 0.091, ""Philosophy"": 0.091}"
12,"Notebook 12 (T5, 2022; scientific notes, poetry)",98,poetry,0.667,"{""Poetry"": 0.667, ""Medicine"": 0.333}"
12,"Notebook 12 (T5, 2022; scientific notes, poetry)",99,poetry,0.5,"{""Poetry"": 0.5, ""Mathematics"": 0.5}"
12,"Notebook 12 (T5, 2022; scientific notes, poetry)",258,poetry,0.8,"{""Poetry"": 0.8, ""Other (anything that doesn't fit into the other categories!)"": 0.1, ""Philosophy"": 0.1}"
12,"Notebook 12 (T5, 2022; scientific notes, poetry)",259,poetry,0.875,"{""Poetry"": 0.875, ""Agriculture"": 0.125}"
12,"Notebook 12 (T5, 2022; scientific notes, poetry)",260,poetry,0.667,"{""Poetry"": 0.667, ""Lecture notes"": 0.083, ""Other (anything that doesn't fit into the other categories!)"": 0.083, ""Refers to other writers/their works"": 0.167}"
12,"Notebook 12 (T5, 2022; scientific notes, poetry)",261,poetry,0.833,"{""Poetry"": 0.833, ""Refers to other writers/their works"": 0.083, ""Other (anything that doesn't fit into the other categories!)"": 0.083}"
12,"Notebook 12 (T5, 2022; scientific notes, poetry)",262,poetry,0.833,"{""Poetry"": 0.833, ""Refers to other writers/their works"": 0.167}"
12,"Notebook 12 (T5, 2022; scientific notes, poetry)",264,poetry,0.857,"{""Poetry"": 0.857, ""Other (anything that doesn't fit into the other categories!)"": 0.143}"
12,"Notebook 12 (T5, 2022; scientific notes, poetry)",265,poetry,0.875,"{""Poetry"": 0.875, ""Refers to other writers/their works"": 0.125}"
12,"Notebook 12 (T5, 2022; scientific notes, poetry)",266,poetry,0.889,"{""Poetry"": 0.889, ""Refers to other writers/their works"": 0.111}"
12,"Notebook 12 (T5, 2022; scientific notes, poetry)",270,poetry,0.75,"{""Poetry"": 0.75, ""Other (anything that doesn't fit into the other categories!)"": 0.125, ""Refers to other writers/their works"": 0.125}"
12,"Notebook 12 (T5, 2022; scientific notes, poetry)",271,poetry,0.889,"{""Poetry"": 0.889, ""Refers to other writers/their works"": 0.111}"
12,"Notebook 12 (T5, 2022; scientific notes, poetry)",272,poetry,1.0,"{""Poetry"": 1.0}"
13a,"Notebook 13A (T5, 2022; poetry, travel writing)",1,poetry,1.0,"{""Poetry"": 1.0}"
13a,"Notebook 13A (T5, 2022; poetry, travel writing)",2,poetry,0.818,"{""Poetry"": 0.818, ""Other (anything that doesn't fit into the other categories!)"": 0.182}"
13a,"Notebook 13A (T5, 2022; poetry, travel writing)",3,poetry,1.0,"{""Poetry"": 1.0}"
13a,"Notebook 13A (T5, 2022; poetry, travel writing)",4,poetry,0.9,"{""Poetry"": 0.9, ""Other (anything that doesn't fit into the other categories!)"": 0.1}"
13a,"Notebook 13A (T5, 2022; poetry, travel writing)",5,poetry,0.889,"{""Poetry"": 0.889, ""Other (anything that doesn't fit into the other categories!)"": 0.111}"
13a,"Notebook 13A (T5, 2022; poetry, travel writing)",6,poetry,0.875,"{""Poetry"": 0.875, ""Other (anything that doesn't fit into the other categories!)"": 0.125}"
13a,"Notebook 13A (T5, 2022; poetry, travel writing)",7,poetry,1.0,"{""Poetry"": 1.0}"
13a,"Notebook 13A (T5, 2022; poetry, travel writing)",8,poetry,1.0,"{""Poetry"": 1.0}"
13a,"Notebook 13A (T5, 2022; poetry, travel writing)",9,poetry,1.0,"{""Poetry"": 1.0}"
13a,"Notebook 13A (T5, 2022; poetry, travel writing)",10,poetry,1.0,"{""Poetry"": 1.0}"
13a,"Notebook 13A (T5, 2022; poetry, travel writing)",11,poetry,1.0,"{""Poetry"": 1.0}"
13a,"Notebook 13A (T5, 2022; poetry, travel writing)",12,poetry,1.0,"{""Poetry"": 1.0}"
13a,"Notebook 13A (T5, 2022; poetry, travel writing)",13,poetry,1.0,"{""Poetry"": 1.0}"
13a,"Notebook 13A (T5, 2022; poetry, travel writing)",14,poetry,1.0,"{""Poetry"": 1.0}"
13a,"Notebook 13A (T5, 2022; poetry, travel writing)",15,poetry,0.909,"{""Poetry"": 0.909, ""Other (anything that doesn't fit into the other categories!)"": 0.091}"
13a,"Notebook 13A (T5, 2022; poetry, travel writing)",16,poetry,1.0,"{""Poetry"": 1.0}"
13a,"Notebook 13A (T5, 2022; poetry, travel writing)",17,poetry,1.0,"{""Poetry"": 1.0}"
13a,"Notebook 13A (T5, 2022; poetry, travel writing)",18,poetry,0.889,"{""Poetry"": 0.889, ""Other (anything that doesn't fit into the other categories!)"": 0.111}"
13a,"Notebook 13A (T5, 2022; poetry, travel writing)",19,poetry,1.0,"{""Poetry"": 1.0}"
13a,"Notebook 13A (T5, 2022; poetry, travel writing)",20,poetry,0.545,"{""Other (anything that doesn't fit into the other categories!)"": 0.364, ""Poetry"": 0.545, ""Refers to other writers/their works"": 0.091}"
13a,"Notebook 13A (T5, 2022; poetry, travel writing)",24,poetry,0.7,"{""Other (anything that doesn't fit into the other categories!)"": 0.3, ""Poetry"": 0.7}"
13a,"Notebook 13A (T5, 2022; poetry, travel writing)",25,poetry,0.6,"{""Other (anything that doesn't fit into the other categories!)"": 0.4, ""Poetry"": 0.6}"
13a,"Notebook 13A (T5, 2022; poetry, travel writing)",28,poetry,0.556,"{""Other (anything that doesn't fit into the other categories!)"": 0.444, ""Poetry"": 0.556}"
13a,"Notebook 13A (T5, 2022; poetry, travel writing)",29,poetry,0.643,"{""Other (anything that doesn't fit into the other categories!)"": 0.357, ""Poetry"": 0.643}"
13a,"Notebook 13A (T5, 2022; poetry, travel writing)",32,poetry,0.818,"{""Other (anything that doesn't fit into the other categories!)"": 0.091, ""Poetry"": 0.818, ""Refers to other writers/their works"": 0.091}"
13a,"Notebook 13A (T5, 2022; poetry, travel writing)",36,poetry,0.917,"{""Poetry"": 0.917, ""Other (anything that doesn't fit into the other categories!)"": 0.083}"
13a,"Notebook 13A (T5, 2022; poetry, travel writing)",37,poetry,1.0,"{""Poetry"": 1.0}"
13a,"Notebook 13A (T5, 2022; poetry, travel writing)",39,poetry,0.6,"{""Poetry"": 0.6, ""Other (anything that doesn't fit into the other categories!)"": 0.4}"
13a,"Notebook 13A (T5, 2022; poetry, travel writing)",40,poetry,0.9,"{""Poetry"": 0.9, ""Other (anything that doesn't fit into the other categories!)"": 0.1}"
13a,"Notebook 13A (T5, 2022; poetry, travel writing)",41,poetry,0.889,"{""Poetry"": 0.889, ""Other (anything that doesn't fit into the other categories!)"": 0.111}"
13a,"Notebook 13A (T5, 2022; poetry, travel writing)",48,poetry,0.875,"{""Poetry"": 0.875, ""Other (anything that doesn't fit into the other categories!)"": 0.125}"
13a,"Notebook 13A (T5, 2022; poetry, travel writing)",49,poetry,0.714,"{""Poetry"": 0.714, ""Mathematics"": 0.286}"
13a,"Notebook 13A (T5, 2022; poetry, travel writing)",50,poetry,1.0,"{""Poetry"": 1.0}"
13a,"Notebook 13A (T5, 2022; poetry, travel writing)",51,poetry,1.0,"{""Poetry"": 1.0}"
13a,"Notebook 13A (T5, 2022; poetry, travel writing)",54,poetry,0.8,"{""Poetry"": 0.8, ""Other (anything that doesn't fit into the other categories!)"": 0.2}"
13a,"Notebook 13A (T5, 2022; poetry, travel writing)",55,poetry,1.0,"{""Poetry"": 1.0}"
13a,"Notebook 13A (T5, 2022; poetry, travel writing)",56,poetry,0.8,"{""Philosophy"": 0.2, ""Poetry"": 0.8}"
13a,"Notebook 13A (T5, 2022; poetry, travel writing)",58,poetry,0.833,"{""Other (anything that doesn't fit into the other categories!)"": 0.167, ""Poetry"": 0.833}"
13a,"Notebook 13A (T5, 2022; poetry, travel writing)",59,poetry,1.0,"{""Poetry"": 1.0}"
13a,"Notebook 13A (T5, 2022; poetry, travel writing)",60,poetry,0.75,"{""Other (anything that doesn't fit into the other categories!)"": 0.25, ""Poetry"": 0.75}"
13a,"Notebook 13A (T5, 2022; poetry, travel writing)",61,poetry,1.0,"{""Poetry"": 1.0}"
13a,"Notebook 13A (T5, 2022; poetry, travel writing)",62,poetry,1.0,"{""Poetry"": 1.0}"
13a,"Notebook 13A (T5, 2022; poetry, travel writing)",63,poetry,1.0,"{""Poetry"": 1.0}"
13a,"Notebook 13A (T5, 2022; poetry, travel writing)",64,poetry,0.5,"{""Poetry"": 0.5, ""Other (anything that doesn't fit into the other categories!)"": 0.5}"
13a,"Notebook 13A (T5, 2022; poetry, travel writing)",67,poetry,0.875,"{""Poetry"": 0.875, ""Other (anything that doesn't fit into the other categories!)"": 0.125}"
13a,"Notebook 13A (T5, 2022; poetry, travel writing)",68,poetry,1.0,"{""Poetry"": 1.0}"
13a,"Notebook 13A (T5, 2022; poetry, travel writing)",69,poetry,1.0,"{""Poetry"": 1.0}"
13a,"Notebook 13A (T5, 2022; poetry, travel writing)",71,poetry,0.5,"{""Poetry"": 0.5, ""Other (anything that doesn't fit into the other categories!)"": 0.333, ""Philosophy"": 0.167}"
13a,"Notebook 13A (T5, 2022; poetry, travel writing)",73,poetry,0.8,"{""Other (anything that doesn't fit into the other categories!)"": 0.2, ""Poetry"": 0.8}"
13a,"Notebook 13A (T5, 2022; poetry, travel writing)",74,poetry,1.0,"{""Poetry"": 1.0}"
13a,"Notebook 13A (T5, 2022; poetry, travel writing)",75,poetry,1.0,"{""Poetry"": 1.0}"
13a,"Notebook 13A (T5, 2022; poetry, travel writing)",76,poetry,1.0,"{""Poetry"": 1.0}"
13a,"Notebook 13A (T5, 2022; poetry, travel writing)",77,poetry,1.0,"{""Poetry"": 1.0}"
13a,"Notebook 13A (T5, 2022; poetry, travel writing)",78,poetry,1.0,"{""Poetry"": 1.0}"
13b,"Notebook 13B (T7, 2023; philosophical and travel notes)",1,poetry,1.0,"{""Poetry"": 1.0}"
13b,"Notebook 13B (T7, 2023; philosophical and travel notes)",19,poetry,1.0,"{""Poetry"": 1.0}"
13b,"Notebook 13B (T7, 2023; philosophical and travel notes)",20,poetry,0.5,"{""Poetry"": 0.5, ""Other (anything that doesn't fit into the other categories!)"": 0.5}"
13c,Notebook 13C,5,poetry,1.0,"{""Poetry"": 1.0}"
13c,Notebook 13C,6,poetry,0.667,"{""Poetry"": 0.667, ""Other"": 0.333}"
13c,Notebook 13C,7,poetry,1.0,"{""Poetry"": 1.0}"
13c,Notebook 13C,8,poetry,0.667,"{""Poetry"": 0.667, ""Philosophy"": 0.333}"
13c,Notebook 13C,9,poetry,1.0,"{""Poetry"": 1.0}"
13c,Notebook 13C,10,poetry,1.0,"{""Poetry"": 1.0}"
13c,Notebook 13C,11,poetry,1.0,"{""Poetry"": 1.0}"
13c,Notebook 13C,12,poetry,0.667,"{""Poetry"": 0.667, ""Other"": 0.333}"
13c,Notebook 13C,13,poetry,0.75,"{""Poetry"": 0.75, ""Science"": 0.25}"
13c,Notebook 13C,14,poetry,0.5,"{""Poetry"": 0.5, ""Philosophy"": 0.333, ""Science"": 0.167}"
13c,Notebook 13C,15,poetry,0.667,"{""Poetry"": 0.667, ""Science"": 0.333}"
13c,Notebook 13C,16,poetry,1.0,"{""Poetry"": 1.0}"
13c,Notebook 13C,18,poetry,1.0,"{""Poetry"": 1.0}"
13c,Notebook 13C,24,poetry,0.667,"{""Other"": 0.333, ""Poetry"": 0.667}"
13c,Notebook 13C,25,poetry,1.0,"{""Poetry"": 1.0}"
13c,Notebook 13C,26,poetry,1.0,"{""Poetry"": 1.0}"
13c,Notebook 13C,27,poetry,1.0,"{""Poetry"": 1.0}"
13c,Notebook 13C,33,poetry,1.0,"{""Poetry"": 1.0}"
13c,Notebook 13C,34,poetry,1.0,"{""Poetry"": 1.0}"
13c,Notebook 13C,44,poetry,1.0,"{""Poetry"": 1.0}"
13c,Notebook 13C,45,poetry,1.0,"{""Poetry"": 1.0}"
13c,Notebook 13C,46,poetry,0.667,"{""Poetry"": 0.667, ""Philosophy"": 0.333}"
13c,Notebook 13C,47,poetry,0.5,"{""Poetry"": 0.5, ""Other"": 0.5}"
13c,Notebook 13C,111,poetry,0.6,"{""Poetry"": 0.6, ""Other"": 0.4}"
13c,Notebook 13C,113,poetry,0.667,"{""Poetry"": 0.667, ""Other"": 0.333}"
13c,Notebook 13C,136,poetry,0.4,"{""Other"": 0.2, ""Poetry"": 0.4, ""Science"": 0.2, ""Philosophy"": 0.2}"
13c,Notebook 13C,137,poetry,0.571,"{""Poetry"": 0.571, ""Philosophy"": 0.143, ""Science"": 0.143, ""Other"": 0.143}"
13c,Notebook 13C,138,poetry,0.667,"{""Poetry"": 0.667, ""Philosophy"": 0.333}"
13c,Notebook 13C,139,poetry,0.667,"{""Poetry"": 0.667, ""Philosophy"": 0.333}"
13c,Notebook 13C,142,poetry,0.6,"{""Geology"": 0.2, ""Other"": 0.2, ""Poetry"": 0.6}"
13c,Notebook 13C,143,poetry,0.8,"{""Philosophy"": 0.2, ""Poetry"": 0.8}"
13c,Notebook 13C,144,poetry,1.0,"{""Poetry"": 1.0}"
13c,Notebook 13C,145,poetry,1.0,"{""Poetry"": 1.0}"
13c,Notebook 13C,146,poetry,1.0,"{""Poetry"": 1.0}"
13c,Notebook 13C,147,poetry,0.75,"{""Other"": 0.25, ""Poetry"": 0.75}"
13c,Notebook 13C,148,poetry,0.8,"{""Poetry"": 0.8, ""Science"": 0.2}"
13c,Notebook 13C,149,poetry,0.75,"{""Poetry"": 0.75, ""Philosophy"": 0.25}"
13c,Notebook 13C,150,poetry,1.0,"{""Poetry"": 1.0}"
13d,Notebook 13D,1,poetry,0.667,"{""Poetry"": 0.667, ""Other"": 0.333}"
13d,Notebook 13D,2,poetry,1.0,"{""Poetry"": 1.0}"
13d,Notebook 13D,3,poetry,1.0,"{""Poetry"": 1.0}"
13d,Notebook 13D,4,poetry,1.0,"{""Poetry"": 1.0}"
13d,Notebook 13D,5,poetry,0.75,"{""Poetry"": 0.75, ""Philosophy"": 0.25}"
13d,Notebook 13D,6,poetry,0.667,"{""Poetry"": 0.667, ""Other"": 0.333}"
13d,Notebook 13D,23,poetry,0.4,"{""Poetry"": 0.4, ""Science"": 0.2, ""Philosophy"": 0.4}"
13f,Notebook 13F,0,poetry,0.714,"{""Other"": 0.286, ""Poetry"": 0.714}"
13f,Notebook 13F,29,poetry,0.667,"{""Poetry"": 0.667, ""Philosophy"": 0.333}"
13f,Notebook 13F,30,poetry,0.6,"{""Poetry"": 0.6, ""Philosophy"": 0.4}"
13f,Notebook 13F,46,poetry,0.5,"{""Poetry"": 0.5, ""Science"": 0.167, ""Philosophy"": 0.333}"
13f,Notebook 13F,68,poetry,0.667,"{""Poetry"": 0.667, ""Other"": 0.333}"
13f,Notebook 13F,69,poetry,0.667,"{""Poetry"": 0.667, ""Other"": 0.333}"
13f,Notebook 13F,70,poetry,0.333,"{""Poetry"": 0.333, ""Philosophy"": 0.333, ""Other"": 0.333}"
13f,Notebook 13F,71,poetry,0.6,"{""Philosophy"": 0.4, ""Poetry"": 0.6}"
13f,Notebook 13F,72,poetry,0.667,"{""Poetry"": 0.667, ""Other"": 0.333}"
13f,Notebook 13F,74,poetry,0.333,"{""Poetry"": 0.333, ""Other"": 0.333, ""Geology"": 0.167, ""Science"": 0.167}"
13f,Notebook 13F,78,poetry,0.75,"{""Poetry"": 0.75, ""Other"": 0.25}"
13f,Notebook 13F,79,poetry,0.625,"{""Poetry"": 0.625, ""Science"": 0.375}"
13f,Notebook 13F,81,poetry,1.0,"{""Poetry"": 1.0}"
13f,Notebook 13F,82,poetry,0.818,"{""Poetry"": 0.818, ""Philosophy"": 0.091, ""Other"": 0.091}"
13f,Notebook 13F,125,poetry,0.5,"{""Poetry"": 0.5, ""Other"": 0.333, ""Philosophy"": 0.167}"
13f,Notebook 13F,139,poetry,1.0,"{""Poetry"": 1.0}"
13g,"Notebook 13G (T1, 2021)",115,poetry,0.421,"{""Poetry"": 0.421, ""Chemistry"": 0.368, ""Electrochemistry"": 0.211}"
13g,"Notebook 13G (T1, 2021)",116,poetry,0.75,"{""Electrochemistry"": 0.125, ""Poetry"": 0.75, ""Chemistry"": 0.062, ""Other electric (static, electromagnetism, etc.)"": 0.062}"
13g,"Notebook 13G (T1, 2021)",118,poetry,1.0,"{""Poetry"": 1.0}"
13g,"Notebook 13G (T1, 2021)",120,poetry,1.0,"{""Poetry"": 1.0}"
13g,"Notebook 13G (T1, 2021)",122,poetry,1.0,"{""Poetry"": 1.0}"
13g,"Notebook 13G (T1, 2021)",126,poetry,0.75,"{""Chemistry"": 0.188, ""Poetry"": 0.75, ""Electrochemistry"": 0.062}"
13g,"Notebook 13G (T1, 2021)",130,poetry,1.0,"{""Poetry"": 1.0}"
13g,"Notebook 13G (T1, 2021)",132,poetry,1.0,"{""Poetry"": 1.0}"
13g,"Notebook 13G (T1, 2021)",134,poetry,1.0,"{""Poetry"": 1.0}"
13g,"Notebook 13G (T1, 2021)",136,poetry,1.0,"{""Poetry"": 1.0}"
13g,"Notebook 13G (T1, 2021)",140,poetry,1.0,"{""Poetry"": 1.0}"
13g,"Notebook 13G (T1, 2021)",142,poetry,0.846,"{""Poetry"": 0.846, ""Other (anything that doesn't fit into the other categories!)"": 0.154}"
13g,"Notebook 13G (T1, 2021)",146,poetry,0.917,"{""Poetry"": 0.917, ""Refers to other writers/their works"": 0.083}"
13g,"Notebook 13G (T1, 2021)",148,poetry,1.0,"{""Poetry"": 1.0}"
13g,"Notebook 13G (T1, 2021)",150,poetry,1.0,"{""Poetry"": 1.0}"
13g,"Notebook 13G (T1, 2021)",152,poetry,1.0,"{""Poetry"": 1.0}"
13g,"Notebook 13G (T1, 2021)",154,poetry,1.0,"{""Poetry"": 1.0}"
13g,"Notebook 13G (T1, 2021)",158,poetry,0.909,"{""Poetry"": 0.909, ""Other electric (static, electromagnetism, etc.)"": 0.045, ""Other (anything that doesn't fit into the other categories!)"": 0.045}"
13g,"Notebook 13G (T1, 2021)",160,poetry,0.857,"{""Poetry"": 0.857, ""Philosophy"": 0.143}"
13g,"Notebook 13G (T1, 2021)",162,poetry,0.955,"{""Poetry"": 0.955, ""Philosophy"": 0.045}"
13g,"Notebook 13G (T1, 2021)",166,poetry,1.0,"{""Poetry"": 1.0}"
13g,"Notebook 13G (T1, 2021)",168,poetry,1.0,"{""Poetry"": 1.0}"
13h,"Notebook 13H (T1, 2021)",1,poetry,0.864,"{""Poetry"": 0.864, ""Philosophy"": 0.045, ""Other (anything that doesn't fit into the other categories!)"": 0.091}"
13h,"Notebook 13H (T1, 2021)",3,poetry,0.75,"{""Poetry"": 0.75, ""Philosophy"": 0.167, ""Other (anything that doesn't fit into the other categories!)"": 0.083}"
13h,"Notebook 13H (T1, 2021)",4,poetry,1.0,"{""Poetry"": 1.0}"
13h,"Notebook 13H (T1, 2021)",32,poetry,1.0,"{""Poetry"": 1.0}"
13h,"Notebook 13H (T1, 2021)",33,poetry,1.0,"{""Poetry"": 1.0}"
13h,"Notebook 13H (T1, 2021)",36,poetry,0.6,"{""Poetry"": 0.6, ""Philosophy"": 0.4}"
13h,"Notebook 13H (T1, 2021)",38,poetry,0.917,"{""Poetry"": 0.917, ""Philosophy"": 0.083}"
13h,"Notebook 13H (T1, 2021)",39,poetry,0.786,"{""Poetry"": 0.786, ""Philosophy"": 0.214}"
13h,"Notebook 13H (T1, 2021)",40,poetry,1.0,"{""Poetry"": 1.0}"
13h,"Notebook 13H (T1, 2021)",41,poetry,1.0,"{""Poetry"": 1.0}"
13h,"Notebook 13H (T1, 2021)",42,poetry,0.818,"{""Poetry"": 0.818, ""Lecture notes"": 0.045, ""Philosophy"": 0.045, ""Other (anything that doesn't fit into the other categories!)"": 0.091}"
13h,"Notebook 13H (T1, 2021)",43,poetry,0.929,"{""Poetry"": 0.929, ""Philosophy"": 0.071}"
13h,"Notebook 13H (T1, 2021)",44,poetry,0.941,"{""Poetry"": 0.941, ""Other (anything that doesn't fit into the other categories!)"": 0.059}"
13h,"Notebook 13H (T1, 2021)",45,poetry,1.0,"{""Poetry"": 1.0}"
13h,"Notebook 13H (T1, 2021)",46,poetry,0.909,"{""Poetry"": 0.909, ""Agriculture"": 0.045, ""Other (anything that doesn't fit into the other categories!)"": 0.045}"
13h,"Notebook 13H (T1, 2021)",47,poetry,0.95,"{""Poetry"": 0.95, ""Geology"": 0.05}"
13h,"Notebook 13H (T1, 2021)",48,poetry,1.0,"{""Poetry"": 1.0}"
13h,"Notebook 13H (T1, 2021)",49,poetry,1.0,"{""Poetry"": 1.0}"
13h,"Notebook 13H (T1, 2021)",50,poetry,1.0,"{""Poetry"": 1.0}"
13h,"Notebook 13H (T1, 2021)",51,poetry,0.905,"{""Poetry"": 0.905, ""Other (anything that doesn't fit into the other categories!)"": 0.048, ""Philosophy"": 0.048}"
13h,"Notebook 13H (T1, 2021)",52,poetry,0.895,"{""Poetry"": 0.895, ""Lecture notes"": 0.053, ""Other (anything that doesn't fit into the other categories!)"": 0.053}"
13h,"Notebook 13H (T1, 2021)",53,poetry,1.0,"{""Poetry"": 1.0}"
13h,"Notebook 13H (T1, 2021)",54,poetry,1.0,"{""Poetry"": 1.0}"
13h,"Notebook 13H (T1, 2021)",55,poetry,0.889,"{""Poetry"": 0.889, ""Philosophy"": 0.111}"
13h,"Notebook 13H (T1, 2021)",56,poetry,1.0,"{""Poetry"": 1.0}"
13h,"Notebook 13H (T1, 2021)",57,poetry,1.0,"{""Poetry"": 1.0}"
13h,"Notebook 13H (T1, 2021)",58,poetry,1.0,"{""Poetry"": 1.0}"
13h,"Notebook 13H (T1, 2021)",59,poetry,1.0,"{""Poetry"": 1.0}"
13h,"Notebook 13H (T1, 2021)",60,poetry,1.0,"{""Poetry"": 1.0}"
13h,"Notebook 13H (T1, 2021)",61,poetry,1.0,"{""Poetry"": 1.0}"
13h,"Notebook 13H (T1, 2021)",63,poetry,0.833,"{""Poetry"": 0.833, ""Other (anything that doesn't fit into the other categories!)"": 0.083, ""Astronomy"": 0.083}"
13h,"Notebook 13H (T1, 2021)",64,poetry,0.909,"{""Poetry"": 0.909, ""Other (anything that doesn't fit into the other categories!)"": 0.091}"
13h,"Notebook 13H (T1, 2021)",65,poetry,1.0,"{""Poetry"": 1.0}"
13h,"Notebook 13H (T1, 2021)",66,poetry,0.778,"{""Poetry"": 0.778, ""Other (anything that doesn't fit into the other categories!)"": 0.111, ""Philosophy"": 0.111}"
13h,"Notebook 13H (T1, 2021)",67,poetry,0.889,"{""Poetry"": 0.889, ""Astronomy"": 0.111}"
13h,"Notebook 13H (T1, 2021)",68,poetry,0.875,"{""Poetry"": 0.875, ""Other (anything that doesn't fit into the other categories!)"": 0.125}"
13h,"Notebook 13H (T1, 2021)",69,poetry,1.0,"{""Poetry"": 1.0}"
13h,"Notebook 13H (T1, 2021)",70,poetry,0.933,"{""Poetry"": 0.933, ""Philosophy"": 0.067}"
13h,"Notebook 13H (T1, 2021)",71,poetry,1.0,"{""Poetry"": 1.0}"
13h,"Notebook 13H (T1, 2021)",72,poetry,1.0,"{""Poetry"": 1.0}"
13h,"Notebook 13H (T1, 2021)",73,poetry,1.0,"{""Poetry"": 1.0}"
13h,"Notebook 13H (T1, 2021)",74,poetry,1.0,"{""Poetry"": 1.0}"
13h,"Notebook 13H (T1, 2021)",75,poetry,1.0,"{""Poetry"": 1.0}"
13h,"Notebook 13H (T1, 2021)",76,poetry,1.0,"{""Poetry"": 1.0}"
13h,"Notebook 13H (T1, 2021)",77,poetry,0.75,"{""Poetry"": 0.75, ""Astronomy"": 0.15, ""Other (anything that doesn't fit into the other categories!)"": 0.1}"
13i,"Notebook 13I (T3, 2021; poetry, chemical and scientific notes)",5,poetry,0.786,"{""Poetry"": 0.786, ""Philosophy"": 0.071, ""Refers to other writers/their works"": 0.071, ""Other (anything that doesn't fit into the other categories!)"": 0.071}"
13i,"Notebook 13I (T3, 2021; poetry, chemical and scientific notes)",6,poetry,0.778,"{""Poetry"": 0.778, ""Philosophy"": 0.111, ""Refers to other writers/their works"": 0.111}"
13i,"Notebook 13I (T3, 2021; poetry, chemical and scientific notes)",7,poetry,0.75,"{""Philosophy"": 0.125, ""Poetry"": 0.75, ""Refers to other writers/their works"": 0.125}"
13i,"Notebook 13I (T3, 2021; poetry, chemical and scientific notes)",8,poetry,0.75,"{""Poetry"": 0.75, ""Philosophy"": 0.125, ""Refers to other writers/their works"": 0.125}"
13i,"Notebook 13I (T3, 2021; poetry, chemical and scientific notes)",9,poetry,0.75,"{""Philosophy"": 0.125, ""Poetry"": 0.75, ""Refers to other writers/their works"": 0.125}"
13i,"Notebook 13I (T3, 2021; poetry, chemical and scientific notes)",10,poetry,0.833,"{""Philosophy"": 0.167, ""Poetry"": 0.833}"
13i,"Notebook 13I (T3, 2021; poetry, chemical and scientific notes)",11,poetry,0.714,"{""Poetry"": 0.714, ""Philosophy"": 0.143, ""Refers to other writers/their works"": 0.143}"
13i,"Notebook 13I (T3, 2021; poetry, chemical and scientific notes)",13,poetry,1.0,"{""Poetry"": 1.0}"
13i,"Notebook 13I (T3, 2021; poetry, chemical and scientific notes)",14,poetry,1.0,"{""Poetry"": 1.0}"
13i,"Notebook 13I (T3, 2021; poetry, chemical and scientific notes)",15,poetry,1.0,"{""Poetry"": 1.0}"
13i,"Notebook 13I (T3, 2021; poetry, chemical and scientific notes)",16,poetry,1.0,"{""Poetry"": 1.0}"
13i,"Notebook 13I (T3, 2021; poetry, chemical and scientific notes)",17,poetry,1.0,"{""Poetry"": 1.0}"
13i,"Notebook 13I (T3, 2021; poetry, chemical and scientific notes)",18,poetry,1.0,"{""Poetry"": 1.0}"
13i,"Notebook 13I (T3, 2021; poetry, chemical and scientific notes)",19,poetry,1.0,"{""Poetry"": 1.0}"
13i,"Notebook 13I (T3, 2021; poetry, chemical and scientific notes)",20,poetry,1.0,"{""Poetry"": 1.0}"
13i,"Notebook 13I (T3, 2021; poetry, chemical and scientific notes)",21,poetry,1.0,"{""Poetry"": 1.0}"
13i,"Notebook 13I (T3, 2021; poetry, chemical and scientific notes)",22,poetry,1.0,"{""Poetry"": 1.0}"
13i,"Notebook 13I (T3, 2021; poetry, chemical and scientific notes)",23,poetry,1.0,"{""Poetry"": 1.0}"
13i,"Notebook 13I (T3, 2021; poetry, chemical and scientific notes)",24,poetry,1.0,"{""Poetry"": 1.0}"
13i,"Notebook 13I (T3, 2021; poetry, chemical and scientific notes)",25,poetry,1.0,"{""Poetry"": 1.0}"
13i,"Notebook 13I (T3, 2021; poetry, chemical and scientific notes)",26,poetry,1.0,"{""Poetry"": 1.0}"
13i,"Notebook 13I (T3, 2021; poetry, chemical and scientific notes)",27,poetry,1.0,"{""Poetry"": 1.0}"
13i,"Notebook 13I (T3, 2021; poetry, chemical and scientific notes)",28,poetry,1.0,"{""Poetry"": 1.0}"
13i,"Notebook 13I (T3, 2021; poetry, chemical and scientific notes)",29,poetry,1.0,"{""Poetry"": 1.0}"
13i,"Notebook 13I (T3, 2021; poetry, chemical and scientific notes)",30,poetry,1.0,"{""Poetry"": 1.0}"
13i,"Notebook 13I (T3, 2021; poetry, chemical and scientific notes)",31,poetry,1.0,"{""Poetry"": 1.0}"
13i,"Notebook 13I (T3, 2021; poetry, chemical and scientific notes)",32,poetry,1.0,"{""Poetry"": 1.0}"
13i,"Notebook 13I (T3, 2021; poetry, chemical and scientific notes)",33,poetry,0.875,"{""Poetry"": 0.875, ""Other (anything that doesn't fit into the other categories!)"": 0.125}"
13i,"Notebook 13I (T3, 2021; poetry, chemical and scientific notes)",34,poetry,1.0,"{""Poetry"": 1.0}"
13i,"Notebook 13I (T3, 2021; poetry, chemical and scientific notes)",35,poetry,1.0,"{""Poetry"": 1.0}"
13i,"Notebook 13I (T3, 2021; poetry, chemical and scientific notes)",77,poetry,0.75,"{""Poetry"": 0.75, ""Other (anything that doesn't fit into the other categories!)"": 0.25}"
13i,"Notebook 13I (T3, 2021; poetry, chemical and scientific notes)",105,poetry,1.0,"{""Poetry"": 1.0}"
13i,"Notebook 13I (T3, 2021; poetry, chemical and scientific notes)",106,poetry,0.938,"{""Poetry"": 0.938, ""Philosophy"": 0.062}"
13i,"Notebook 13I (T3, 2021; poetry, chemical and scientific notes)",107,poetry,1.0,"{""Poetry"": 1.0}"
13i,"Notebook 13I (T3, 2021; poetry, chemical and scientific notes)",108,poetry,1.0,"{""Poetry"": 1.0}"
13i,"Notebook 13I (T3, 2021; poetry, chemical and scientific notes)",109,poetry,1.0,"{""Poetry"": 1.0}"
13i,"Notebook 13I (T3, 2021; poetry, chemical and scientific notes)",110,poetry,1.0,"{""Poetry"": 1.0}"
13i,"Notebook 13I (T3, 2021; poetry, chemical and scientific notes)",114,poetry,0.875,"{""Poetry"": 0.875, ""Other (anything that doesn't fit into the other categories!)"": 0.125}"
13i,"Notebook 13I (T3, 2021; poetry, chemical and scientific notes)",158,poetry,1.0,"{""Poetry"": 1.0}"
13j,"Notebook 13J (T5, 2022; scientific notes, poetry) [U3A]",3,poetry,1.0,"{""Poetry"": 1.0}"
13j,"Notebook 13J (T5, 2022; scientific notes, poetry) [U3A]",5,poetry,1.0,"{""Poetry"": 1.0}"
13j,"Notebook 13J (T5, 2022; scientific notes, poetry) [U3A]",9,poetry,1.0,"{""Poetry"": 1.0}"
13j,"Notebook 13J (T5, 2022; scientific notes, poetry) [U3A]",11,poetry,1.0,"{""Poetry"": 1.0}"
13j,"Notebook 13J (T5, 2022; scientific notes, poetry) [U3A]",13,poetry,0.875,"{""Poetry"": 0.875, ""Other (anything that doesn't fit into the other categories!)"": 0.125}"
13j,"Notebook 13J (T5, 2022; scientific notes, poetry) [U3A]",16,poetry,1.0,"{""Poetry"": 1.0}"
13j,"Notebook 13J (T5, 2022; scientific notes, poetry) [U3A]",17,poetry,0.812,"{""Poetry"": 0.812, ""Refers to other writers/their works"": 0.125, ""Lecture notes"": 0.062}"
13j,"Notebook 13J (T5, 2022; scientific notes, poetry) [U3A]",19,poetry,1.0,"{""Poetry"": 1.0}"
13j,"Notebook 13J (T5, 2022; scientific notes, poetry) [U3A]",21,poetry,1.0,"{""Poetry"": 1.0}"
13j,"Notebook 13J (T5, 2022; scientific notes, poetry) [U3A]",22,poetry,0.917,"{""Poetry"": 0.917, ""Philosophy"": 0.083}"
13j,"Notebook 13J (T5, 2022; scientific notes, poetry) [U3A]",23,poetry,0.8,"{""Poetry"": 0.8, ""Philosophy"": 0.1, ""Other (anything that doesn't fit into the other categories!)"": 0.1}"
13j,"Notebook 13J (T5, 2022; scientific notes, poetry) [U3A]",24,poetry,0.889,"{""Poetry"": 0.889, ""Philosophy"": 0.111}"
13j,"Notebook 13J (T5, 2022; scientific notes, poetry) [U3A]",25,poetry,1.0,"{""Poetry"": 1.0}"
13j,"Notebook 13J (T5, 2022; scientific notes, poetry) [U3A]",27,poetry,1.0,"{""Poetry"": 1.0}"
13j,"Notebook 13J (T5, 2022; scientific notes, poetry) [U3A]",29,poetry,1.0,"{""Poetry"": 1.0}"
13j,"Notebook 13J (T5, 2022; scientific notes, poetry) [U3A]",30,poetry,0.875,"{""Poetry"": 0.875, ""Other (anything that doesn't fit into the other categories!)"": 0.125}"
13j,"Notebook 13J (T5, 2022; scientific notes, poetry) [U3A]",31,poetry,1.0,"{""Poetry"": 1.0}"
13j,"Notebook 13J (T5, 2022; scientific notes, poetry) [U3A]",32,poetry,1.0,"{""Poetry"": 1.0}"
13j,"Notebook 13J (T5, 2022; scientific notes, poetry) [U3A]",35,poetry,0.8,"{""Poetry"": 0.8, ""Other (anything that doesn't fit into the other categories!)"": 0.2}"
13j,"Notebook 13J (T5, 2022; scientific notes, poetry) [U3A]",50,poetry,0.5,"{""Poetry"": 0.5, ""Other (anything that doesn't fit into the other categories!)"": 0.5}"
13j,"Notebook 13J (T5, 2022; scientific notes, poetry) [U3A]",64,poetry,0.7,"{""Poetry"": 0.7, ""Astronomy"": 0.1, ""Other (anything that doesn't fit into the other categories!)"": 0.2}"
13j,"Notebook 13J (T5, 2022; scientific notes, poetry) [U3A]",65,poetry,0.765,"{""Poetry"": 0.765, ""Medicine"": 0.059, ""Chemistry"": 0.059, ""Electrochemistry"": 0.059, ""Astronomy"": 0.059}"
13j,"Notebook 13J (T5, 2022; scientific notes, poetry) [U3A]",66,poetry,0.85,"{""Poetry"": 0.85, ""Astronomy"": 0.05, ""Chemistry"": 0.05, ""Other (anything that doesn't fit into the other categories!)"": 0.05}"
13j,"Notebook 13J (T5, 2022; scientific notes, poetry) [U3A]",67,poetry,0.667,"{""Poetry"": 0.667, ""Other electric (static, electromagnetism, etc.)"": 0.167, ""Astronomy"": 0.167}"
13j,"Notebook 13J (T5, 2022; scientific notes, poetry) [U3A]",68,poetry,0.917,"{""Poetry"": 0.917, ""Astronomy"": 0.083}"
13j,"Notebook 13J (T5, 2022; scientific notes, poetry) [U3A]",69,poetry,0.786,"{""Poetry"": 0.786, ""Astronomy"": 0.071, ""Other (anything that doesn't fit into the other categories!)"": 0.071, ""Agriculture"": 0.071}"
13j,"Notebook 13J (T5, 2022; scientific notes, poetry) [U3A]",70,poetry,0.786,"{""Poetry"": 0.786, ""Chemistry"": 0.071, ""Other (anything that doesn't fit into the other categories!)"": 0.071, ""Agriculture"": 0.071}"
13j,"Notebook 13J (T5, 2022; scientific notes, poetry) [U3A]",71,poetry,0.8,"{""Astronomy"": 0.1, ""Poetry"": 0.8, ""Other (anything that doesn't fit into the other categories!)"": 0.1}"
13j,"Notebook 13J (T5, 2022; scientific notes, poetry) [U3A]",72,poetry,0.75,"{""Poetry"": 0.75, ""Chemistry"": 0.083, ""Other (anything that doesn't fit into the other categories!)"": 0.167}"
13j,"Notebook 13J (T5, 2022; scientific notes, poetry) [U3A]",73,poetry,0.556,"{""Refers to other writers/their works"": 0.111, ""Agriculture"": 0.111, ""Poetry"": 0.556, ""Other (anything that doesn't fit into the other categories!)"": 0.222}"
13j,"Notebook 13J (T5, 2022; scientific notes, poetry) [U3A]",74,poetry,0.818,"{""Astronomy"": 0.091, ""Poetry"": 0.818, ""Other (anything that doesn't fit into the other categories!)"": 0.091}"
13j,"Notebook 13J (T5, 2022; scientific notes, poetry) [U3A]",75,poetry,0.857,"{""Agriculture"": 0.071, ""Poetry"": 0.857, ""Other (anything that doesn't fit into the other categories!)"": 0.071}"
13j,"Notebook 13J (T5, 2022; scientific notes, poetry) [U3A]",76,poetry,0.778,"{""Agriculture"": 0.111, ""Poetry"": 0.778, ""Other (anything that doesn't fit into the other categories!)"": 0.111}"
13j,"Notebook 13J (T5, 2022; scientific notes, poetry) [U3A]",78,poetry,0.7,"{""Mathematics"": 0.1, ""Poetry"": 0.7, ""Other (anything that doesn't fit into the other categories!)"": 0.2}"
13j,"Notebook 13J (T5, 2022; scientific notes, poetry) [U3A]",79,poetry,0.778,"{""Refers to other writers/their works"": 0.111, ""Poetry"": 0.778, ""Other (anything that doesn't fit into the other categories!)"": 0.111}"
13j,"Notebook 13J (T5, 2022; scientific notes, poetry) [U3A]",82,poetry,0.8,"{""Astronomy"": 0.1, ""Poetry"": 0.8, ""Other (anything that doesn't fit into the other categories!)"": 0.1}"
13j,"Notebook 13J (T5, 2022; scientific notes, poetry) [U3A]",83,poetry,0.8,"{""Electrochemistry"": 0.1, ""Poetry"": 0.8, ""Other (anything that doesn't fit into the other categories!)"": 0.1}"
13j,"Notebook 13J (T5, 2022; scientific notes, poetry) [U3A]",84,poetry,0.833,"{""Astronomy"": 0.083, ""Poetry"": 0.833, ""Other (anything that doesn't fit into the other categories!)"": 0.083}"
13j,"Notebook 13J (T5, 2022; scientific notes, poetry) [U3A]",85,poetry,0.769,"{""Astronomy"": 0.077, ""Refers to other writers/their works"": 0.077, ""Poetry"": 0.769, ""Other (anything that doesn't fit into the other categories!)"": 0.077}"
13j,"Notebook 13J (T5, 2022; scientific notes, poetry) [U3A]",86,poetry,0.8,"{""Mathematics"": 0.1, ""Poetry"": 0.8, ""Other (anything that doesn't fit into the other categories!)"": 0.1}"
13j,"Notebook 13J (T5, 2022; scientific notes, poetry) [U3A]",87,poetry,0.769,"{""Mathematics"": 0.077, ""Poetry"": 0.769, ""Other (anything that doesn't fit into the other categories!)"": 0.077, ""Philosophy"": 0.077}"
13j,"Notebook 13J (T5, 2022; scientific notes, poetry) [U3A]",88,poetry,0.75,"{""Other (anything that doesn't fit into the other categories!)"": 0.25, ""Poetry"": 0.75}"
13j,"Notebook 13J (T5, 2022; scientific notes, poetry) [U3A]",92,poetry,0.769,"{""Electrochemistry"": 0.077, ""Poetry"": 0.769, ""Other (anything that doesn't fit into the other categories!)"": 0.077, ""Geology"": 0.077}"
13j,"Notebook 13J (T5, 2022; scientific notes, poetry) [U3A]",93,poetry,0.824,"{""Agriculture"": 0.059, ""Poetry"": 0.824, ""Other (anything that doesn't fit into the other categories!)"": 0.059, ""Geology"": 0.059}"
13j,"Notebook 13J (T5, 2022; scientific notes, poetry) [U3A]",117,poetry,0.455,"{""Poetry"": 0.455, ""Chemistry"": 0.455, ""Other (anything that doesn't fit into the other categories!)"": 0.091}"
13j,"Notebook 13J (T5, 2022; scientific notes, poetry) [U3A]",118,poetry,0.714,"{""Poetry"": 0.714, ""Chemistry"": 0.143, ""Other (anything that doesn't fit into the other categories!)"": 0.143}"
14e,Notebook 14E,47,poetry,0.4,"{""Poetry"": 0.4, ""Science"": 0.4, ""Philosophy"": 0.2}"
14e,Notebook 14E,48,poetry,0.667,"{""Poetry"": 0.667, ""Other"": 0.333}"
14e,Notebook 14E,51,poetry,1.0,"{""Poetry"": 1.0}"
14e,Notebook 14E,52,poetry,0.667,"{""Poetry"": 0.667, ""Other"": 0.333}"
14e,Notebook 14E,53,poetry,0.75,"{""Poetry"": 0.75, ""Other"": 0.25}"
14e,Notebook 14E,54,poetry,1.0,"{""Poetry"": 1.0}"
14e,Notebook 14E,55,poetry,1.0,"{""Poetry"": 1.0}"
14e,Notebook 14E,56,poetry,0.75,"{""Poetry"": 0.75, ""Other"": 0.25}"
14e,Notebook 14E,57,poetry,0.333,"{""Poetry"": 0.333, ""Other"": 0.333, ""Science"": 0.333}"
14e,Notebook 14E,58,poetry,0.6,"{""Poetry"": 0.6, ""Other"": 0.2, ""Science"": 0.2}"
14e,Notebook 14E,59,poetry,1.0,"{""Poetry"": 1.0}"
14e,Notebook 14E,60,poetry,0.667,"{""Poetry"": 0.667, ""Other"": 0.333}"
14e,Notebook 14E,61,poetry,0.75,"{""Poetry"": 0.75, ""Philosophy"": 0.25}"
14e,Notebook 14E,62,poetry,0.667,"{""Poetry"": 0.667, ""Other"": 0.333}"
14e,Notebook 14E,63,poetry,0.6,"{""Poetry"": 0.6, ""Philosophy"": 0.2, ""Other"": 0.2}"
14e,Notebook 14E,64,poetry,1.0,"{""Poetry"": 1.0}"
14e,Notebook 14E,65,poetry,0.6,"{""Poetry"": 0.6, ""Other"": 0.2, ""Philosophy"": 0.2}"
14e,Notebook 14E,66,poetry,0.667,"{""Other"": 0.333, ""Poetry"": 0.667}"
14e,Notebook 14E,67,poetry,1.0,"{""Poetry"": 1.0}"
14e,Notebook 14E,69,poetry,1.0,"{""Poetry"": 1.0}"
14e,Notebook 14E,70,poetry,0.667,"{""Poetry"": 0.667, ""Other"": 0.333}"
14e,Notebook 14E,71,poetry,0.667,"{""Poetry"": 0.667, ""Other"": 0.333}"
14e,Notebook 14E,72,poetry,0.75,"{""Poetry"": 0.75, ""Other"": 0.25}"
14e,Notebook 14E,74,poetry,0.667,"{""Science"": 0.333, ""Poetry"": 0.667}"
14e,Notebook 14E,77,poetry,0.667,"{""Philosophy"": 0.333, ""Poetry"": 0.667}"
14e,Notebook 14E,78,poetry,0.667,"{""Other"": 0.333, ""Poetry"": 0.667}"
14e,Notebook 14E,79,poetry,0.5,"{""Poetry"": 0.5, ""Other"": 0.5}"
14e,Notebook 14E,80,poetry,1.0,"{""Poetry"": 1.0}"
14e,Notebook 14E,82,poetry,0.667,"{""Philosophy"": 0.333, ""Poetry"": 0.667}"
14e,Notebook 14E,83,poetry,0.75,"{""Poetry"": 0.75, ""Philosophy"": 0.25}"
14e,Notebook 14E,86,poetry,1.0,"{""Poetry"": 1.0}"
14e,Notebook 14E,87,poetry,1.0,"{""Poetry"": 1.0}"
14e,Notebook 14E,88,poetry,0.667,"{""Poetry"": 0.667, ""Other"": 0.333}"
14e,Notebook 14E,89,poetry,0.667,"{""Poetry"": 0.667, ""Science"": 0.333}"
14e,Notebook 14E,90,poetry,0.333,"{""Poetry"": 0.333, ""Philosophy"": 0.333, ""Other"": 0.333}"
14e,Notebook 14E,91,poetry,0.333,"{""Poetry"": 0.333, ""Philosophy"": 0.333, ""Science"": 0.333}"
14e,Notebook 14E,92,poetry,1.0,"{""Poetry"": 1.0}"
14e,Notebook 14E,97,poetry,0.75,"{""Poetry"": 0.75, ""Philosophy"": 0.25}"
14e,Notebook 14E,98,poetry,1.0,"{""Poetry"": 1.0}"
14e,Notebook 14E,99,poetry,0.6,"{""Poetry"": 0.6, ""Philosophy"": 0.4}"
14e,Notebook 14E,100,poetry,0.667,"{""Other"": 0.333, ""Poetry"": 0.667}"
14e,Notebook 14E,101,poetry,1.0,"{""Poetry"": 1.0}"
14e,Notebook 14E,102,poetry,1.0,"{""Poetry"": 1.0}"
14e,Notebook 14E,103,poetry,1.0,"{""Poetry"": 1.0}"
14e,Notebook 14E,104,poetry,1.0,"{""Poetry"": 1.0}"
14e,Notebook 14E,106,poetry,0.667,"{""Other"": 0.333, ""Poetry"": 0.667}"
14e,Notebook 14E,107,poetry,1.0,"{""Poetry"": 1.0}"
14e,Notebook 14E,108,poetry,0.5,"{""Poetry"": 0.5, ""Other"": 0.5}"
14e,Notebook 14E,110,poetry,1.0,"{""Poetry"": 1.0}"
14e,Notebook 14E,111,poetry,0.5,"{""Poetry"": 0.5, ""Philosophy"": 0.25, ""Other"": 0.25}"
14e,Notebook 14E,112,poetry,0.75,"{""Poetry"": 0.75, ""Philosophy"": 0.25}"
14e,Notebook 14E,114,poetry,1.0,"{""Poetry"": 1.0}"
14e,Notebook 14E,116,poetry,0.5,"{""Poetry"": 0.5, ""Philosophy"": 0.5}"
14e,Notebook 14E,120,poetry,0.5,"{""Philosophy"": 0.25, ""Other"": 0.25, ""Poetry"": 0.5}"
14e,Notebook 14E,121,poetry,0.333,"{""Poetry"": 0.333, ""Other"": 0.333, ""Philosophy"": 0.333}"
14e,Notebook 14E,122,poetry,0.667,"{""Poetry"": 0.667, ""Other"": 0.333}"
14e,Notebook 14E,123,poetry,1.0,"{""Poetry"": 1.0}"
14e,Notebook 14E,124,poetry,0.75,"{""Poetry"": 0.75, ""Other"": 0.25}"
14e,Notebook 14E,125,poetry,1.0,"{""Poetry"": 1.0}"
14e,Notebook 14E,126,poetry,1.0,"{""Poetry"": 1.0}"
14e,Notebook 14E,128,poetry,1.0,"{""Poetry"": 1.0}"
14e,Notebook 14E,129,poetry,0.667,"{""Poetry"": 0.667, ""Other"": 0.333}"
14e,Notebook 14E,130,poetry,0.667,"{""Poetry"": 0.667, ""Other"": 0.333}"
14e,Notebook 14E,132,poetry,0.25,"{""Poetry"": 0.25, ""Science"": 0.25, ""Philosophy"": 0.25, ""Other"": 0.25}"
14e,Notebook 14E,133,poetry,0.667,"{""Poetry"": 0.667, ""Other"": 0.333}"
14e,Notebook 14E,134,poetry,1.0,"{""Poetry"": 1.0}"
14e,Notebook 14E,135,poetry,0.667,"{""Other"": 0.333, ""Poetry"": 0.667}"
14e,Notebook 14E,136,poetry,0.333,"{""Poetry"": 0.333, ""Philosophy"": 0.333, ""Other"": 0.333}"
14e,Notebook 14E,152,poetry,0.667,"{""Poetry"": 0.667, ""Geology"": 0.333}"
14e,Notebook 14E,153,poetry,0.667,"{""Poetry"": 0.667, ""Science"": 0.333}"
14e,Notebook 14E,156,poetry,1.0,"{""Poetry"": 1.0}"
14e,Notebook 14E,157,poetry,1.0,"{""Poetry"": 1.0}"
14e,Notebook 14E,159,poetry,0.667,"{""Other"": 0.333, ""Poetry"": 0.667}"
14e,Notebook 14E,161,poetry,0.6,"{""Poetry"": 0.6, ""Philosophy"": 0.4}"
14e,Notebook 14E,164,poetry,0.4,"{""Poetry"": 0.4, ""Philosophy"": 0.4, ""Other"": 0.2}"
14e,Notebook 14E,165,poetry,1.0,"{""Poetry"": 1.0}"
14e,Notebook 14E,167,poetry,1.0,"{""Poetry"": 1.0}"
14e,Notebook 14E,168,poetry,0.667,"{""Poetry"": 0.667, ""Philosophy"": 0.333}"
14e,Notebook 14E,174,poetry,0.333,"{""Poetry"": 0.333, ""Other"": 0.333, ""Philosophy"": 0.333}"
14e,Notebook 14E,183,poetry,0.667,"{""Poetry"": 0.667, ""Philosophy"": 0.333}"
14e,Notebook 14E,184,poetry,0.667,"{""Poetry"": 0.667, ""Philosophy"": 0.333}"
14e,Notebook 14E,185,poetry,1.0,"{""Poetry"": 1.0}"
14g,"Notebook 14G (T5, 2022; geology, poetry)",20,poetry,0.625,"{""Other (anything that doesn't fit into the other categories!)"": 0.125, ""Poetry"": 0.625, ""Refers to other writers/their works"": 0.125, ""Philosophy"": 0.125}"
14g,"Notebook 14G (T5, 2022; geology, poetry)",21,poetry,0.647,"{""Poetry"": 0.647, ""Other (anything that doesn't fit into the other categories!)"": 0.118, ""Philosophy"": 0.059, ""Lecture notes"": 0.118, ""Chemistry"": 0.059}"
14g,"Notebook 14G (T5, 2022; geology, poetry)",25,poetry,0.615,"{""Philosophy"": 0.077, ""Other (anything that doesn't fit into the other categories!)"": 0.308, ""Poetry"": 0.615}"
14g,"Notebook 14G (T5, 2022; geology, poetry)",26,poetry,0.636,"{""Poetry"": 0.636, ""Philosophy"": 0.182, ""Other (anything that doesn't fit into the other categories!)"": 0.182}"
14g,"Notebook 14G (T5, 2022; geology, poetry)",39,poetry,0.8,"{""Poetry"": 0.8, ""Philosophy"": 0.1, ""Other (anything that doesn't fit into the other categories!)"": 0.1}"
14g,"Notebook 14G (T5, 2022; geology, poetry)",40,poetry,0.778,"{""Poetry"": 0.778, ""Philosophy"": 0.111, ""Other (anything that doesn't fit into the other categories!)"": 0.111}"
14g,"Notebook 14G (T5, 2022; geology, poetry)",41,poetry,0.8,"{""Poetry"": 0.8, ""Other (anything that doesn't fit into the other categories!)"": 0.2}"
14g,"Notebook 14G (T5, 2022; geology, poetry)",42,poetry,0.462,"{""Poetry"": 0.462, ""Mathematics"": 0.385, ""Other (anything that doesn't fit into the other categories!)"": 0.154}"
14g,"Notebook 14G (T5, 2022; geology, poetry)",43,poetry,0.455,"{""Poetry"": 0.455, ""Mathematics"": 0.273, ""Lecture notes"": 0.045, ""Other (anything that doesn't fit into the other categories!)"": 0.091, ""Philosophy"": 0.045, ""Astronomy"": 0.045, ""Chemistry"": 0.045}"
14g,"Notebook 14G (T5, 2022; geology, poetry)",91,poetry,0.364,"{""Other electric (static, electromagnetism, etc.)"": 0.091, ""Poetry"": 0.364, ""Geology"": 0.182, ""Other (anything that doesn't fit into the other categories!)"": 0.182, ""Chemistry"": 0.091, ""Philosophy"": 0.091}"
14g,"Notebook 14G (T5, 2022; geology, poetry)",92,poetry,0.444,"{""Poetry"": 0.444, ""Other (anything that doesn't fit into the other categories!)"": 0.444, ""Lecture notes"": 0.111}"
14g,"Notebook 14G (T5, 2022; geology, poetry)",93,poetry,1.0,"{""Poetry"": 1.0}"
14g,"Notebook 14G (T5, 2022; geology, poetry)",94,poetry,1.0,"{""Poetry"": 1.0}"
14g,"Notebook 14G (T5, 2022; geology, poetry)",95,poetry,0.8,"{""Poetry"": 0.8, ""Other (anything that doesn't fit into the other categories!)"": 0.2}"
14g,"Notebook 14G (T5, 2022; geology, poetry)",96,poetry,0.857,"{""Poetry"": 0.857, ""Philosophy"": 0.143}"
14g,"Notebook 14G (T5, 2022; geology, poetry)",97,poetry,0.833,"{""Poetry"": 0.833, ""Philosophy"": 0.167}"
14g,"Notebook 14G (T5, 2022; geology, poetry)",98,poetry,0.5,"{""Lecture notes"": 0.167, ""Poetry"": 0.5, ""Other (anything that doesn't fit into the other categories!)"": 0.167, ""Philosophy"": 0.167}"
14g,"Notebook 14G (T5, 2022; geology, poetry)",99,poetry,0.857,"{""Poetry"": 0.857, ""Philosophy"": 0.143}"
14g,"Notebook 14G (T5, 2022; geology, poetry)",100,poetry,0.889,"{""Poetry"": 0.889, ""Philosophy"": 0.111}"
14g,"Notebook 14G (T5, 2022; geology, poetry)",101,poetry,0.714,"{""Mathematics"": 0.143, ""Poetry"": 0.714, ""Philosophy"": 0.143}"
14g,"Notebook 14G (T5, 2022; geology, poetry)",102,poetry,0.714,"{""Poetry"": 0.714, ""Philosophy"": 0.286}"
14g,"Notebook 14G (T5, 2022; geology, poetry)",103,poetry,0.8,"{""Poetry"": 0.8, ""Philosophy"": 0.2}"
14g,"Notebook 14G (T5, 2022; geology, poetry)",104,poetry,0.75,"{""Poetry"": 0.75, ""Philosophy"": 0.25}"
14g,"Notebook 14G (T5, 2022; geology, poetry)",105,poetry,0.5,"{""Poetry"": 0.5, ""Philosophy"": 0.167, ""Other (anything that doesn't fit into the other categories!)"": 0.167, ""Geology"": 0.167}"
14g,"Notebook 14G (T5, 2022; geology, poetry)",106,poetry,0.667,"{""Poetry"": 0.667, ""Philosophy"": 0.333}"
14g,"Notebook 14G (T5, 2022; geology, poetry)",120,poetry,0.5,"{""Poetry"": 0.5, ""Philosophy"": 0.333, ""Other (anything that doesn't fit into the other categories!)"": 0.167}"
14g,"Notebook 14G (T5, 2022; geology, poetry)",121,poetry,0.818,"{""Poetry"": 0.818, ""Philosophy"": 0.091, ""Other (anything that doesn't fit into the other categories!)"": 0.091}"
14g,"Notebook 14G (T5, 2022; geology, poetry)",122,poetry,0.571,"{""Poetry"": 0.571, ""Philosophy"": 0.143, ""Other (anything that doesn't fit into the other categories!)"": 0.286}"
14h,"Notebook 14H (T7, 2023; Consolations in Travel, Salmonia)",51,poetry,1.0,"{""Poetry"": 1.0}"
14h,"Notebook 14H (T7, 2023; Consolations in Travel, Salmonia)",151,poetry,0.333,"{""Poetry"": 0.333, ""Philosophy"": 0.333, ""Other (anything that doesn't fit into the other categories!)"": 0.333}"
14h,"Notebook 14H (T7, 2023; Consolations in Travel, Salmonia)",152,poetry,0.333,"{""Poetry"": 0.333, ""Philosophy"": 0.333, ""Other (anything that doesn't fit into the other categories!)"": 0.333}"
14i,Notebook 14I,1,poetry,1.0,"{""Poetry"": 1.0}"
14i,Notebook 14I,2,poetry,0.625,"{""Poetry"": 0.625, ""Other"": 0.125, ""Philosophy"": 0.25}"
14i,Notebook 14I,3,poetry,0.833,"{""Poetry"": 0.833, ""Philosophy"": 0.167}"
14i,Notebook 14I,4,poetry,0.571,"{""Other"": 0.286, ""Philosophy"": 0.143, ""Poetry"": 0.571}"
14i,Notebook 14I,5,poetry,0.6,"{""Poetry"": 0.6, ""Science"": 0.4}"
14i,Notebook 14I,6,poetry,0.833,"{""Poetry"": 0.833, ""Science"": 0.167}"
14i,Notebook 14I,7,poetry,1.0,"{""Poetry"": 1.0}"
14i,Notebook 14I,8,poetry,1.0,"{""Poetry"": 1.0}"
14i,Notebook 14I,9,poetry,0.714,"{""Poetry"": 0.714, ""Philosophy"": 0.143, ""Other"": 0.143}"
14i,Notebook 14I,11,poetry,1.0,"{""Poetry"": 1.0}"
14i,Notebook 14I,13,poetry,0.667,"{""Other"": 0.333, ""Poetry"": 0.667}"
14i,Notebook 14I,14,poetry,1.0,"{""Poetry"": 1.0}"
14i,Notebook 14I,17,poetry,0.5,"{""Poetry"": 0.5, ""Other"": 0.333, ""Philosophy"": 0.167}"
14l,"Notebook 14L (T5, 2022; travel writing, geology, scientific notes)",62,poetry,1.0,"{""Poetry"": 1.0}"
14l,"Notebook 14L (T5, 2022; travel writing, geology, scientific notes)",63,poetry,0.6,"{""Poetry"": 0.6, ""Other (anything that doesn't fit into the other categories!)"": 0.2, ""Philosophy"": 0.2}"
14l,"Notebook 14L (T5, 2022; travel writing, geology, scientific notes)",64,poetry,0.5,"{""Poetry"": 0.5, ""Other (anything that doesn't fit into the other categories!)"": 0.333, ""Philosophy"": 0.167}"
14l,"Notebook 14L (T5, 2022; travel writing, geology, scientific notes)",65,poetry,0.833,"{""Poetry"": 0.833, ""Refers to other writers/their works"": 0.167}"
14l,"Notebook 14L (T5, 2022; travel writing, geology, scientific notes)",66,poetry,1.0,"{""Poetry"": 1.0}"
14l,"Notebook 14L (T5, 2022; travel writing, geology, scientific notes)",67,poetry,0.8,"{""Poetry"": 0.8, ""Other (anything that doesn't fit into the other categories!)"": 0.2}"
15b,"Notebook 15B (T3, 2021; geology)",0,poetry,0.4,"{""Poetry"": 0.4, ""Refers to other writers/their works"": 0.3, ""Geology"": 0.3}"
15c,"Notebook 15C (T3, 2021; geology, poetry)",50,poetry,0.5,"{""Other (anything that doesn't fit into the other categories!)"": 0.25, ""Poetry"": 0.5, ""Geology"": 0.25}"
15c,"Notebook 15C (T3, 2021; geology, poetry)",51,poetry,0.5,"{""Poetry"": 0.5, ""Other (anything that doesn't fit into the other categories!)"": 0.333, ""Geology"": 0.167}"
15c,"Notebook 15C (T3, 2021; geology, poetry)",53,poetry,0.5,"{""Other (anything that doesn't fit into the other categories!)"": 0.25, ""Poetry"": 0.5, ""Geology"": 0.25}"
15c,"Notebook 15C (T3, 2021; geology, poetry)",54,poetry,0.5,"{""Other (anything that doesn't fit into the other categories!)"": 0.25, ""Poetry"": 0.5, ""Geology"": 0.25}"
15c,"Notebook 15C (T3, 2021; geology, poetry)",55,poetry,0.6,"{""Poetry"": 0.6, ""Other (anything that doesn't fit into the other categories!)"": 0.2, ""Geology"": 0.2}"
15c,"Notebook 15C (T3, 2021; geology, poetry)",56,poetry,0.75,"{""Other (anything that doesn't fit into the other categories!)"": 0.125, ""Poetry"": 0.75, ""Geology"": 0.125}"
15c,"Notebook 15C (T3, 2021; geology, poetry)",57,poetry,0.857,"{""Poetry"": 0.857, ""Other (anything that doesn't fit into the other categories!)"": 0.143}"
15c,"Notebook 15C (T3, 2021; geology, poetry)",60,poetry,0.75,"{""Poetry"": 0.75, ""Other (anything that doesn't fit into the other categories!)"": 0.125, ""Geology"": 0.125}"
15c,"Notebook 15C (T3, 2021; geology, poetry)",61,poetry,0.667,"{""Poetry"": 0.667, ""Geology"": 0.333}"
15c,"Notebook 15C (T3, 2021; geology, poetry)",62,poetry,0.636,"{""Poetry"": 0.636, ""Geology"": 0.182, ""Other (anything that doesn't fit into the other categories!)"": 0.091, ""Chemistry"": 0.091}"
15c,"Notebook 15C (T3, 2021; geology, poetry)",64,poetry,0.5,"{""Poetry"": 0.5, ""Geology"": 0.222, ""Other (anything that doesn't fit into the other categories!)"": 0.056, ""Chemistry"": 0.056, ""Agriculture"": 0.111, ""Medicine"": 0.056}"
15c,"Notebook 15C (T3, 2021; geology, poetry)",65,poetry,0.692,"{""Poetry"": 0.692, ""Geology"": 0.077, ""Chemistry"": 0.154, ""Other (anything that doesn't fit into the other categories!)"": 0.077}"
15c,"Notebook 15C (T3, 2021; geology, poetry)",66,poetry,0.688,"{""Other (anything that doesn't fit into the other categories!)"": 0.125, ""Poetry"": 0.688, ""Geology"": 0.062, ""Chemistry"": 0.125}"
15c,"Notebook 15C (T3, 2021; geology, poetry)",67,poetry,0.727,"{""Poetry"": 0.727, ""Geology"": 0.091, ""Other (anything that doesn't fit into the other categories!)"": 0.091, ""Chemistry"": 0.091}"
15c,"Notebook 15C (T3, 2021; geology, poetry)",68,poetry,0.5,"{""Philosophy"": 0.167, ""Poetry"": 0.5, ""Geology"": 0.083, ""Other (anything that doesn't fit into the other categories!)"": 0.083, ""Chemistry"": 0.167}"
15c,"Notebook 15C (T3, 2021; geology, poetry)",69,poetry,0.6,"{""Other (anything that doesn't fit into the other categories!)"": 0.4, ""Poetry"": 0.6}"
15c,"Notebook 15C (T3, 2021; geology, poetry)",70,poetry,0.714,"{""Poetry"": 0.714, ""Geology"": 0.143, ""Other (anything that doesn't fit into the other categories!)"": 0.143}"
15c,"Notebook 15C (T3, 2021; geology, poetry)",71,poetry,0.778,"{""Poetry"": 0.778, ""Chemistry"": 0.111, ""Other (anything that doesn't fit into the other categories!)"": 0.111}"
15c,"Notebook 15C (T3, 2021; geology, poetry)",72,poetry,0.6,"{""Poetry"": 0.6, ""Chemistry"": 0.1, ""Other (anything that doesn't fit into the other categories!)"": 0.2, ""Geology"": 0.1}"
15c,"Notebook 15C (T3, 2021; geology, poetry)",73,poetry,0.818,"{""Poetry"": 0.818, ""Geology"": 0.091, ""Other (anything that doesn't fit into the other categories!)"": 0.091}"
15c,"Notebook 15C (T3, 2021; geology, poetry)",74,poetry,0.643,"{""Poetry"": 0.643, ""Other (anything that doesn't fit into the other categories!)"": 0.071, ""Chemistry"": 0.214, ""Geology"": 0.071}"
15c,"Notebook 15C (T3, 2021; geology, poetry)",75,poetry,0.75,"{""Poetry"": 0.75, ""Geology"": 0.125, ""Other (anything that doesn't fit into the other categories!)"": 0.125}"
15c,"Notebook 15C (T3, 2021; geology, poetry)",76,poetry,0.75,"{""Poetry"": 0.75, ""Other (anything that doesn't fit into the other categories!)"": 0.125, ""Refers to other writers/their works"": 0.062, ""Geology"": 0.062}"
15c,"Notebook 15C (T3, 2021; geology, poetry)",82,poetry,1.0,"{""Poetry"": 1.0}"
15c,"Notebook 15C (T3, 2021; geology, poetry)",83,poetry,0.75,"{""Poetry"": 0.75, ""Geology"": 0.125, ""Chemistry"": 0.125}"
15c,"Notebook 15C (T3, 2021; geology, poetry)",84,poetry,0.625,"{""Poetry"": 0.625, ""Other (anything that doesn't fit into the other categories!)"": 0.125, ""Geology"": 0.125, ""Chemistry"": 0.125}"
15c,"Notebook 15C (T3, 2021; geology, poetry)",85,poetry,1.0,"{""Poetry"": 1.0}"
15c,"Notebook 15C (T3, 2021; geology, poetry)",86,poetry,0.75,"{""Poetry"": 0.75, ""Geology"": 0.125, ""Chemistry"": 0.125}"
15c,"Notebook 15C (T3, 2021; geology, poetry)",87,poetry,0.889,"{""Poetry"": 0.889, ""Chemistry"": 0.111}"
15c,"Notebook 15C (T3, 2021; geology, poetry)",96,poetry,0.727,"{""Poetry"": 0.727, ""Other (anything that doesn't fit into the other categories!)"": 0.091, ""Chemistry"": 0.091, ""Philosophy"": 0.091}"
15c,"Notebook 15C (T3, 2021; geology, poetry)",99,poetry,0.6,"{""Poetry"": 0.6, ""Other (anything that doesn't fit into the other categories!)"": 0.2, ""Refers to other writers/their works"": 0.067, ""Philosophy"": 0.133}"
15c,"Notebook 15C (T3, 2021; geology, poetry)",101,poetry,0.889,"{""Poetry"": 0.889, ""Geology"": 0.111}"
15c,"Notebook 15C (T3, 2021; geology, poetry)",102,poetry,0.75,"{""Poetry"": 0.75, ""Geology"": 0.083, ""Other (anything that doesn't fit into the other categories!)"": 0.083, ""Philosophy"": 0.083}"
15c,"Notebook 15C (T3, 2021; geology, poetry)",103,poetry,0.818,"{""Poetry"": 0.818, ""Philosophy"": 0.182}"
15c,"Notebook 15C (T3, 2021; geology, poetry)",114,poetry,0.333,"{""Poetry"": 0.333, ""Other (anything that doesn't fit into the other categories!)"": 0.333, ""Geology"": 0.167, ""Chemistry"": 0.167}"
15c,"Notebook 15C (T3, 2021; geology, poetry)",115,poetry,0.533,"{""Poetry"": 0.533, ""Geology"": 0.133, ""Other (anything that doesn't fit into the other categories!)"": 0.133, ""Philosophy"": 0.2}"
15c,"Notebook 15C (T3, 2021; geology, poetry)",116,poetry,0.455,"{""Poetry"": 0.455, ""Other (anything that doesn't fit into the other categories!)"": 0.182, ""Chemistry"": 0.091, ""Refers to other writers/their works"": 0.091, ""Geology"": 0.091, ""Philosophy"": 0.091}"
15c,"Notebook 15C (T3, 2021; geology, poetry)",117,poetry,0.5,"{""Poetry"": 0.5, ""Geology"": 0.1, ""Other (anything that doesn't fit into the other categories!)"": 0.3, ""Chemistry"": 0.1}"
15c,"Notebook 15C (T3, 2021; geology, poetry)",118,poetry,0.533,"{""Poetry"": 0.533, ""Chemistry"": 0.067, ""Other (anything that doesn't fit into the other categories!)"": 0.267, ""Lecture notes"": 0.067, ""Philosophy"": 0.067}"
15c,"Notebook 15C (T3, 2021; geology, poetry)",119,poetry,0.75,"{""Poetry"": 0.75, ""Other (anything that doesn't fit into the other categories!)"": 0.25}"
15c,"Notebook 15C (T3, 2021; geology, poetry)",120,poetry,0.444,"{""Poetry"": 0.444, ""Philosophy"": 0.222, ""Other (anything that doesn't fit into the other categories!)"": 0.333}"
15c,"Notebook 15C (T3, 2021; geology, poetry)",121,poetry,0.7,"{""Poetry"": 0.7, ""Geology"": 0.1, ""Philosophy"": 0.2}"
15c,"Notebook 15C (T3, 2021; geology, poetry)",122,poetry,0.667,"{""Poetry"": 0.667, ""Geology"": 0.111, ""Other (anything that doesn't fit into the other categories!)"": 0.111, ""Philosophy"": 0.111}"
15c,"Notebook 15C (T3, 2021; geology, poetry)",123,poetry,0.667,"{""Poetry"": 0.667, ""Geology"": 0.167, ""Philosophy"": 0.167}"
15c,"Notebook 15C (T3, 2021; geology, poetry)",128,poetry,0.6,"{""Poetry"": 0.6, ""Other (anything that doesn't fit into the other categories!)"": 0.2, ""Geology"": 0.1, ""Philosophy"": 0.1}"
15c,"Notebook 15C (T3, 2021; geology, poetry)",129,poetry,0.556,"{""Poetry"": 0.556, ""Other (anything that doesn't fit into the other categories!)"": 0.111, ""Philosophy"": 0.222, ""Geology"": 0.111}"
15c,"Notebook 15C (T3, 2021; geology, poetry)",130,poetry,0.583,"{""Poetry"": 0.583, ""Astronomy"": 0.083, ""Philosophy"": 0.167, ""Refers to other writers/their works"": 0.083, ""Other (anything that doesn't fit into the other categories!)"": 0.083}"
15c,"Notebook 15C (T3, 2021; geology, poetry)",131,poetry,0.667,"{""Poetry"": 0.667, ""Other (anything that doesn't fit into the other categories!)"": 0.083, ""Philosophy"": 0.167, ""Refers to other writers/their works"": 0.083}"
15c,"Notebook 15C (T3, 2021; geology, poetry)",135,poetry,0.636,"{""Poetry"": 0.636, ""Other (anything that doesn't fit into the other categories!)"": 0.182, ""Philosophy"": 0.091, ""Geology"": 0.091}"
15c,"Notebook 15C (T3, 2021; geology, poetry)",136,poetry,0.6,"{""Poetry"": 0.6, ""Other (anything that doesn't fit into the other categories!)"": 0.1, ""Philosophy"": 0.2, ""Geology"": 0.1}"
15c,"Notebook 15C (T3, 2021; geology, poetry)",137,poetry,0.667,"{""Poetry"": 0.667, ""Philosophy"": 0.111, ""Other (anything that doesn't fit into the other categories!)"": 0.222}"
15c,"Notebook 15C (T3, 2021; geology, poetry)",138,poetry,0.714,"{""Poetry"": 0.714, ""Other (anything that doesn't fit into the other categories!)"": 0.286}"
15c,"Notebook 15C (T3, 2021; geology, poetry)",157,poetry,0.571,"{""Poetry"": 0.571, ""Other (anything that doesn't fit into the other categories!)"": 0.143, ""Geology"": 0.214, ""Agriculture"": 0.071}"
15c,"Notebook 15C (T3, 2021; geology, poetry)",158,poetry,0.462,"{""Poetry"": 0.462, ""Geology"": 0.231, ""Other (anything that doesn't fit into the other categories!)"": 0.231, ""Agriculture"": 0.077}"
15c,"Notebook 15C (T3, 2021; geology, poetry)",159,poetry,0.714,"{""Poetry"": 0.714, ""Other (anything that doesn't fit into the other categories!)"": 0.286}"
15c,"Notebook 15C (T3, 2021; geology, poetry)",161,poetry,0.5,"{""Poetry"": 0.5, ""Other (anything that doesn't fit into the other categories!)"": 0.2, ""Geology"": 0.2, ""Philosophy"": 0.1}"
15c,"Notebook 15C (T3, 2021; geology, poetry)",163,poetry,0.6,"{""Poetry"": 0.6, ""Other (anything that doesn't fit into the other categories!)"": 0.4}"
15c,"Notebook 15C (T3, 2021; geology, poetry)",165,poetry,0.3,"{""Poetry"": 0.3, ""Other (anything that doesn't fit into the other categories!)"": 0.2, ""Geology"": 0.1, ""Chemistry"": 0.2, ""Philosophy"": 0.2}"
15c,"Notebook 15C (T3, 2021; geology, poetry)",167,poetry,0.636,"{""Poetry"": 0.636, ""Other (anything that doesn't fit into the other categories!)"": 0.182, ""Geology"": 0.091, ""Chemistry"": 0.091}"
15c,"Notebook 15C (T3, 2021; geology, poetry)",168,poetry,0.625,"{""Poetry"": 0.625, ""Other (anything that doesn't fit into the other categories!)"": 0.25, ""Geology"": 0.125}"
15c,"Notebook 15C (T3, 2021; geology, poetry)",169,poetry,0.75,"{""Poetry"": 0.75, ""Other (anything that doesn't fit into the other categories!)"": 0.1, ""Geology"": 0.05, ""Philosophy"": 0.05, ""Chemistry"": 0.05}"
15c,"Notebook 15C (T3, 2021; geology, poetry)",170,poetry,0.583,"{""Poetry"": 0.583, ""Other (anything that doesn't fit into the other categories!)"": 0.25, ""Geology"": 0.083, ""Chemistry"": 0.083}"
15d,"Notebook 15D (T3, 2022; geology, chemistry)",91,poetry,0.5,"{""Poetry"": 0.5, ""Geology"": 0.375, ""Other (anything that doesn't fit into the other categories!)"": 0.125}"
15e,Notebook 15E,1,poetry,1.0,"{""Poetry"": 1.0}"
15e,Notebook 15E,2,poetry,1.0,"{""Poetry"": 1.0}"
15e,Notebook 15E,3,poetry,1.0,"{""Poetry"": 1.0}"
15e,Notebook 15E,4,poetry,1.0,"{""Poetry"": 1.0}"
15e,Notebook 15E,6,poetry,1.0,"{""Poetry"": 1.0}"
15e,Notebook 15E,10,poetry,1.0,"{""Poetry"": 1.0}"
15e,Notebook 15E,11,poetry,1.0,"{""Poetry"": 1.0}"
15e,Notebook 15E,12,poetry,0.833,"{""Poetry"": 0.833, ""Other"": 0.167}"
15e,Notebook 15E,13,poetry,1.0,"{""Poetry"": 1.0}"
15e,Notebook 15E,14,poetry,1.0,"{""Poetry"": 1.0}"
15e,Notebook 15E,15,poetry,1.0,"{""Poetry"": 1.0}"
15e,Notebook 15E,16,poetry,0.6,"{""Poetry"": 0.6, ""Other"": 0.2, ""Philosophy"": 0.2}"
15e,Notebook 15E,17,poetry,0.75,"{""Poetry"": 0.75, ""Other"": 0.25}"
15e,Notebook 15E,37,poetry,1.0,"{""Poetry"": 1.0}"
15e,Notebook 15E,38,poetry,0.667,"{""Poetry"": 0.667, ""Geology"": 0.333}"
15e,Notebook 15E,39,poetry,0.667,"{""Poetry"": 0.667, ""Philosophy"": 0.333}"
15e,Notebook 15E,40,poetry,0.75,"{""Poetry"": 0.75, ""Other"": 0.25}"
15e,Notebook 15E,50,poetry,1.0,"{""Poetry"": 1.0}"
15e,Notebook 15E,51,poetry,1.0,"{""Poetry"": 1.0}"
15e,Notebook 15E,52,poetry,1.0,"{""Poetry"": 1.0}"
15e,Notebook 15E,53,poetry,1.0,"{""Poetry"": 1.0}"
15e,Notebook 15E,54,poetry,0.667,"{""Poetry"": 0.667, ""Other"": 0.333}"
15e,Notebook 15E,55,poetry,0.75,"{""Poetry"": 0.75, ""Other"": 0.25}"
15e,Notebook 15E,56,poetry,1.0,"{""Poetry"": 1.0}"
15e,Notebook 15E,58,poetry,1.0,"{""Poetry"": 1.0}"
15e,Notebook 15E,59,poetry,0.667,"{""Poetry"": 0.667, ""Other"": 0.333}"
15e,Notebook 15E,60,poetry,1.0,"{""Poetry"": 1.0}"
15e,Notebook 15E,61,poetry,1.0,"{""Poetry"": 1.0}"
15e,Notebook 15E,62,poetry,0.5,"{""Poetry"": 0.5, ""Philosophy"": 0.25, ""Other"": 0.25}"
15e,Notebook 15E,64,poetry,1.0,"{""Poetry"": 1.0}"
15e,Notebook 15E,65,poetry,1.0,"{""Poetry"": 1.0}"
15e,Notebook 15E,69,poetry,0.6,"{""Poetry"": 0.6, ""Philosophy"": 0.4}"
15e,Notebook 15E,71,poetry,0.667,"{""Other"": 0.333, ""Poetry"": 0.667}"
15e,Notebook 15E,72,poetry,1.0,"{""Poetry"": 1.0}"
15e,Notebook 15E,74,poetry,0.8,"{""Poetry"": 0.8, ""Philosophy"": 0.2}"
15e,Notebook 15E,75,poetry,1.0,"{""Poetry"": 1.0}"
15e,Notebook 15E,78,poetry,0.5,"{""Poetry"": 0.5, ""Philosophy"": 0.25, ""Other"": 0.25}"
15e,Notebook 15E,81,poetry,1.0,"{""Poetry"": 1.0}"
15e,Notebook 15E,148,poetry,0.5,"{""Science"": 0.25, ""Geology"": 0.25, ""Poetry"": 0.5}"
15f,Notebook 15F,9,poetry,1.0,"{""Poetry"": 1.0}"
15f,Notebook 15F,19,poetry,0.5,"{""Poetry"": 0.5, ""Philosophy"": 0.25, ""Science"": 0.25}"
15f,Notebook 15F,21,poetry,0.5,"{""Poetry"": 0.5, ""Other"": 0.25, ""Philosophy"": 0.25}"
15f,Notebook 15F,24,poetry,0.667,"{""Other"": 0.333, ""Poetry"": 0.667}"
15f,Notebook 15F,25,poetry,1.0,"{""Poetry"": 1.0}"
15f,Notebook 15F,28,poetry,0.5,"{""Philosophy"": 0.25, ""Poetry"": 0.5, ""Other"": 0.25}"
15f,Notebook 15F,29,poetry,1.0,"{""Poetry"": 1.0}"
15f,Notebook 15F,30,poetry,0.75,"{""Poetry"": 0.75, ""Other"": 0.25}"
15f,Notebook 15F,31,poetry,0.667,"{""Poetry"": 0.667, ""Philosophy"": 0.333}"
15f,Notebook 15F,32,poetry,1.0,"{""Poetry"": 1.0}"
15f,Notebook 15F,33,poetry,0.75,"{""Science"": 0.25, ""Poetry"": 0.75}"
15f,Notebook 15F,35,poetry,0.5,"{""Other"": 0.25, ""Poetry"": 0.5, ""Philosophy"": 0.25}"
15f,Notebook 15F,38,poetry,0.75,"{""Poetry"": 0.75, ""Other"": 0.25}"
15f,Notebook 15F,39,poetry,1.0,"{""Poetry"": 1.0}"
15f,Notebook 15F,42,poetry,1.0,"{""Poetry"": 1.0}"
15f,Notebook 15F,43,poetry,0.333,"{""Poetry"": 0.333, ""Geology"": 0.333, ""Other"": 0.167, ""Science"": 0.167}"
15f,Notebook 15F,46,poetry,0.5,"{""Poetry"": 0.5, ""Science"": 0.5}"
15f,Notebook 15F,52,poetry,0.75,"{""Other"": 0.25, ""Poetry"": 0.75}"
15f,Notebook 15F,55,poetry,1.0,"{""Poetry"": 1.0}"
15f,Notebook 15F,56,poetry,0.75,"{""Poetry"": 0.75, ""Philosophy"": 0.25}"
15f,Notebook 15F,57,poetry,1.0,"{""Poetry"": 1.0}"
15f,Notebook 15F,69,poetry,0.4,"{""Poetry"": 0.4, ""Other"": 0.4, ""Geology"": 0.2}"
15f,Notebook 15F,86,poetry,1.0,"{""Poetry"": 1.0}"
15f,Notebook 15F,87,poetry,0.75,"{""Poetry"": 0.75, ""Other"": 0.25}"
15f,Notebook 15F,88,poetry,1.0,"{""Poetry"": 1.0}"
15f,Notebook 15F,89,poetry,1.0,"{""Poetry"": 1.0}"
15f,Notebook 15F,92,poetry,1.0,"{""Poetry"": 1.0}"
15f,Notebook 15F,95,poetry,1.0,"{""Poetry"": 1.0}"
15f,Notebook 15F,96,poetry,0.5,"{""Poetry"": 0.5, ""Philosophy"": 0.5}"
15f,Notebook 15F,102,poetry,1.0,"{""Poetry"": 1.0}"
15f,Notebook 15F,112,poetry,1.0,"{""Poetry"": 1.0}"
15f,Notebook 15F,113,poetry,0.8,"{""Poetry"": 0.8, ""Philosophy"": 0.2}"
15f,Notebook 15F,115,poetry,1.0,"{""Poetry"": 1.0}"
15f,Notebook 15F,117,poetry,1.0,"{""Poetry"": 1.0}"
15f,Notebook 15F,118,poetry,1.0,"{""Poetry"": 1.0}"
15f,Notebook 15F,119,poetry,1.0,"{""Poetry"": 1.0}"
15g,"Notebook 15G (T3, 2022; geology, travel writing)",170,poetry,0.75,"{""Poetry"": 0.75, ""Geology"": 0.25}"
15g,"Notebook 15G (T3, 2022; geology, travel writing)",171,poetry,0.625,"{""Poetry"": 0.625, ""Geology"": 0.125, ""Other (anything that doesn't fit into the other categories!)"": 0.25}"
15g,"Notebook 15G (T3, 2022; geology, travel writing)",172,poetry,0.75,"{""Poetry"": 0.75, ""Geology"": 0.25}"
15g,"Notebook 15G (T3, 2022; geology, travel writing)",173,poetry,0.75,"{""Poetry"": 0.75, ""Geology"": 0.25}"
15g,"Notebook 15G (T3, 2022; geology, travel writing)",174,poetry,0.667,"{""Poetry"": 0.667, ""Geology"": 0.333}"
15g,"Notebook 15G (T3, 2022; geology, travel writing)",175,poetry,0.75,"{""Poetry"": 0.75, ""Geology"": 0.125, ""Other (anything that doesn't fit into the other categories!)"": 0.125}"
15h,"Notebook 15H (T3, 2022; geology, chemistry)",17,poetry,0.6,"{""Geology"": 0.2, ""Philosophy"": 0.1, ""Poetry"": 0.6, ""Other (anything that doesn't fit into the other categories!)"": 0.1}"
15h,"Notebook 15H (T3, 2022; geology, chemistry)",18,poetry,0.5,"{""Philosophy"": 0.25, ""Poetry"": 0.5, ""Other (anything that doesn't fit into the other categories!)"": 0.25}"
15i,"Notebook 15I (T3, 2022; geology)",86,poetry,0.545,"{""Poetry"": 0.545, ""Geology"": 0.273, ""Other (anything that doesn't fit into the other categories!)"": 0.091, ""Chemistry"": 0.091}"
15i,"Notebook 15I (T3, 2022; geology)",87,poetry,0.75,"{""Poetry"": 0.75, ""Other (anything that doesn't fit into the other categories!)"": 0.25}"
15i,"Notebook 15I (T3, 2022; geology)",88,poetry,0.625,"{""Poetry"": 0.625, ""Other (anything that doesn't fit into the other categories!)"": 0.125, ""Geology"": 0.125, ""Chemistry"": 0.125}"
15i,"Notebook 15I (T3, 2022; geology)",89,poetry,0.5,"{""Poetry"": 0.5, ""Other (anything that doesn't fit into the other categories!)"": 0.125, ""Philosophy"": 0.125, ""Geology"": 0.25}"
15i,"Notebook 15I (T3, 2022; geology)",90,poetry,0.5,"{""Poetry"": 0.5, ""Geology"": 0.2, ""Philosophy"": 0.2, ""Chemistry"": 0.1}"
15j,"Notebook 15J (T3, 2022; chemistry, philosophy, poetry)",60,poetry,0.556,"{""Philosophy"": 0.111, ""Other (anything that doesn't fit into the other categories!)"": 0.333, ""Poetry"": 0.556}"
17a,"Notebook 17A (T8, 2023; geology)",3,poetry,1.0,"{""Poetry"": 1.0}"
17a,"Notebook 17A (T8, 2023; geology)",4,poetry,0.5,"{""Poetry"": 0.5, ""Refers to other writers/their works"": 0.5}"
17a,"Notebook 17A (T8, 2023; geology)",6,poetry,0.5,"{""Poetry"": 0.5, ""Refers to other writers/their works"": 0.5}"
17a,"Notebook 17A (T8, 2023; geology)",10,poetry,1.0,"{""Poetry"": 1.0}"
17a,"Notebook 17A (T8, 2023; geology)",11,poetry,1.0,"{""Poetry"": 1.0}"
17a,"Notebook 17A (T8, 2023; geology)",16,poetry,0.333,"{""Poetry"": 0.333, ""Geology"": 0.333, ""Lecture notes"": 0.333}"
17c,"Notebook 17C (T8, 2023; geology)",17,poetry,0.333,"{""Poetry"": 0.333, ""Other (anything that doesn't fit into the other categories!)"": 0.333, ""Geology"": 0.333}"
20a,"Notebook 20A (T1, 2021)",1,poetry,0.441,"{""Other electric (static, electromagnetism, etc.)"": 0.059, ""Other (anything that doesn't fit into the other categories!)"": 0.294, ""Poetry"": 0.441, ""Chemistry"": 0.147, ""Philosophy"": 0.059}"
20a,"Notebook 20A (T1, 2021)",125,poetry,0.286,"{""Chemistry"": 0.143, ""Astronomy"": 0.071, ""Other (anything that doesn't fit into the other categories!)"": 0.143, ""Philosophy"": 0.214, ""Poetry"": 0.286, ""Agriculture"": 0.071, ""Geology"": 0.071}"
20a,"Notebook 20A (T1, 2021)",126,poetry,0.421,"{""Chemistry"": 0.053, ""Other (anything that doesn't fit into the other categories!)"": 0.316, ""Poetry"": 0.421, ""Philosophy"": 0.158, ""Astronomy"": 0.053}"
20a,"Notebook 20A (T1, 2021)",127,poetry,0.5,"{""Astronomy"": 0.1, ""Other (anything that doesn't fit into the other categories!)"": 0.2, ""Philosophy"": 0.1, ""Poetry"": 0.5, ""Lecture notes"": 0.1}"
20b,"Notebook 20B (T1, 2021)",233,poetry,0.704,"{""Poetry"": 0.704, ""Chemistry"": 0.037, ""Other (anything that doesn't fit into the other categories!)"": 0.185, ""Medicine"": 0.037, ""Philosophy"": 0.037}"
20b,"Notebook 20B (T1, 2021)",234,poetry,0.529,"{""Poetry"": 0.529, ""Medicine"": 0.118, ""Other (anything that doesn't fit into the other categories!)"": 0.206, ""Philosophy"": 0.147}"
20b,"Notebook 20B (T1, 2021)",235,poetry,0.5,"{""Chemistry"": 0.294, ""Poetry"": 0.5, ""Philosophy"": 0.118, ""Medicine"": 0.029, ""Other (anything that doesn't fit into the other categories!)"": 0.029, ""Geology"": 0.029}"
20b,"Notebook 20B (T1, 2021)",236,poetry,0.481,"{""Poetry"": 0.481, ""Chemistry"": 0.407, ""Other (anything that doesn't fit into the other categories!)"": 0.037, ""Geology"": 0.074}"
20c,Notebook 20C,44,poetry,0.5,"{""Poetry"": 0.5, ""Science"": 0.5}"
20c,Notebook 20C,46,poetry,0.5,"{""Poetry"": 0.5, ""Science"": 0.5}"
20c,Notebook 20C,52,poetry,1.0,"{""Poetry"": 1.0}"
21a,"Notebook 21A (T1, 2021)",23,poetry,1.0,"{""Poetry"": 1.0}"
21d,"Notebook 21D (T7, 2023; John Davy copies)",238,poetry,1.0,"{""Poetry"": 1.0}"
21d,"Notebook 21D (T7, 2023; John Davy copies)",239,poetry,0.667,"{""Poetry"": 0.667, ""Other (anything that doesn't fit into the other categories!)"": 0.333}"
22c,"Notebook 22C (T3, 2022; chemistry, philosophy, poetry)",2,poetry,0.5,"{""Other (anything that doesn't fit into the other categories!)"": 0.208, ""Poetry"": 0.5, ""Philosophy"": 0.083, ""Lecture notes"": 0.042, ""Geology"": 0.125, ""Refers to other writers/their works"": 0.042}"
22c,"Notebook 22C (T3, 2022; chemistry, philosophy, poetry)",3,poetry,0.478,"{""Poetry"": 0.478, ""Other (anything that doesn't fit into the other categories!)"": 0.217, ""Geology"": 0.13, ""Refers to other writers/their works"": 0.043, ""Chemistry"": 0.043, ""Philosophy"": 0.043, ""Lecture notes"": 0.043}"
22c,"Notebook 22C (T3, 2022; chemistry, philosophy, poetry)",4,poetry,0.4,"{""Poetry"": 0.4, ""Other (anything that doesn't fit into the other categories!)"": 0.267, ""Geology"": 0.133, ""Astronomy"": 0.067, ""Chemistry"": 0.067, ""Refers to other writers/their works"": 0.067}"
22c,"Notebook 22C (T3, 2022; chemistry, philosophy, poetry)",5,poetry,0.7,"{""Poetry"": 0.7, ""Geology"": 0.1, ""Chemistry"": 0.1, ""Other (anything that doesn't fit into the other categories!)"": 0.1}"
22c,"Notebook 22C (T3, 2022; chemistry, philosophy, poetry)",6,poetry,0.778,"{""Poetry"": 0.778, ""Other (anything that doesn't fit into the other categories!)"": 0.222}"
22c,"Notebook 22C (T3, 2022; chemistry, philosophy, poetry)",7,poetry,0.571,"{""Other (anything that doesn't fit into the other categories!)"": 0.286, ""Poetry"": 0.571, ""Philosophy"": 0.143}"
